STN Code,Name of Monitoring Location,Type Water Body,State Name,Temperature C (Min),Temperature C (Max),Turbidity(NTU),Dissolved Oxygen (mg/L) (Min),Dissolved Oxygen (mg/L) (Max),pH (Min),pH (Max),Conductivity (S/cm) (Min),Conductivity (S/cm) (Max),BOD (mg/L) (Min),BOD (mg/L) (Max),Nitrate N + Nitrite N(mg/L) (Min),Nitrate N + Nitrite N(mg/L) (Max),Fecal Coliform (MPN/100ml) (Min),Fecal Coliform (MPN/100ml) (Max),Total Coliform (MPN/100ml) (Min),Total Coliform (MPN/100ml) (Max),Purolite A520 resin dose (mg/L),Alum dose (mg/L)
4368,"KOLLERU LAKE KOKKIRAYALANKA (V), KAILALUR (M)",LAKE,ANDHRA PRADESH,24,27,1756,3.2,6.5,7,8,245,5160,1.6,3.2,1.02,3.6,9,21,120,210,9.264,995.175
2353,"KONDAKARLA-AAVA LAKE, PARAWADA PHARMA CITY, VISHAKHAPATNAM",LAKE,ANDHRA PRADESH,26,29,362.65,3,6.8,6.9,7.8,599,1179,1.9,4.6,0.77,3.56,15,23,150,240,9.002,220.88
1790,"PULICATE LAKE , NELLORE DIST",LAKE,ANDHRA PRADESH,18,24,19865,4.2,6,7.2,8.2,28000,56900,2.4,2.8,1.2,1.64,3,3,47,150,7.892,11081.475
4391,"CHENGAMBAKAM TANK IN SRI CITY SEZ,
TIRUPATHI",TANK,ANDHRA PRADESH,22,29,116.6,5.4,6.2,6.3,7.9,180,476,1,2.5,0.34,2.3,24,365,170,549,7.373,83.795
4921,"ANNAMAYYA PROJECT ON CHEYYERU
RESERVOIR",Wetland,ANDHRA PRADESH,21,30,206.9,5.4,6.5,7.3,8,496,734,1,2.3,0.35,1,43,289,240,727,6.335,135.105
4936,ANUMANAPALLE CHERUVU,Wetland,ANDHRA PRADESH,22,23,62,6.8,7.5,7.1,9,158,320,1.2,2.2,0.42,1.79,3,4,63,150,7.046,47.375
4919,BRAMHASAGAR,Wetland,ANDHRA PRADESH,20,29,162.8,5.1,6.4,7.1,7.9,381,608,1,2.2,0.32,0.67,45,322,210,602,6.03,109.535
4926,DALI TANK,Wetland,ANDHRA PRADESH,22,31,6582.5,4.2,7.3,7.1,8.5,274,18950,1.5,2.5,0.38,2.82,4,15,2,150,7.837,3688.225
4931,GACCHAKAYALA PORA (LAGOON),Wetland,ANDHRA PRADESH,27,31,19865,4.5,7.2,7.1,8.6,12230,56900,1.4,3.6,0.63,2.86,4,15,64,120,8.224,11088.475
4917,GANGINENI CHERUVU,Wetland,ANDHRA PRADESH,21,30,414.1,3.8,5.8,6.6,8.1,802,1326,2.2,3.5,1.08,4.51,191,659,540,1120,10.079,250.545
4934,INTERU SWAMPS,Wetland,ANDHRA PRADESH,25,26,9330,6.1,7.5,7.3,7.9,16170,26800,2.4,2.8,1.12,1.8,3,3,63,150,7.924,5213.975
4918,KATTAMANCHI CHERUVU,Wetland,ANDHRA PRADESH,23,30,406.05,4.3,5.6,6.8,8.1,733,1303,1.8,3.2,0.65,2.91,170,525,430,1120,8.268,246.06
4933,KRISHNA MANGROVES,Wetland,ANDHRA PRADESH,24,28,12025,5.1,6.2,7.1,8,24000,34500,2.4,2.8,1.03,1.81,3,3,71,150,7.824,6717.475
4916,MID PENNAR RESERVOIR,Wetland,ANDHRA PRADESH,21,27,146,5.3,6.3,7,7.9,346,560,1,1.7,0.33,2.57,84,376,220,659,7.537,98.175
4925,NAUPADA SWAMPS,Wetland,ANDHRA PRADESH,22,32,20425,2,8,7.2,8.3,330,58500,1.8,4.1,1,6.16,7,28,2,1100,11.333,11401.475
4930,P .S. CHINNAIAH PALEM,Wetland,ANDHRA PRADESH,24,30,419,5.8,8,6.8,8.2,460,1340,1.5,4.1,0.32,1.92,4,21,64,210,7.125,253.275
4924,PATATEKALLI CHERUVU,Wetland,ANDHRA PRADESH,22,32,18535,3.5,8.5,6.9,8.6,271,53100,1.5,22,1.02,3.87,9,23,120,460,10.42,10348.475
4915,PATHAKOTHA CHERUVU,Wetland,ANDHRA PRADESH,23,28,545.7,4.6,6.1,7.1,8.1,931,1702,1.8,3,0.42,2.94,180,629,430,1046,8.006,321.865
4928,PEDDA CHERUVU,Wetland,ANDHRA PRADESH,26,32,457.5,0.3,7.5,6.6,7.7,620,1450,1.9,54,1.96,6.09,21,39,240,2400,14.924,276.725
4923,SANGAMESWARA BACKWATERS,Wetland,ANDHRA PRADESH,22,27,373.5,5.1,6.4,6.8,7.9,357,1210,1.2,2.7,0.38,2.34,41,356,220,840,7.463,224.925
4920,SOMASILA BACK WATER,Wetland,ANDHRA PRADESH,21,29,228.25,5.2,6.5,7.2,7.9,480,795,1,1.8,0.34,0.94,25,373,240,594,6.25,146
4927,TATIPUDI RESERVOIR,Wetland,ANDHRA PRADESH,25,32,87.2,4.1,8,7,8.2,216,392,1.2,2.4,0.34,2.29,3,4,39,75,7.36,70.415
4929,UPPALANKA MUDFLATS,Wetland,ANDHRA PRADESH,25,29,13810,2.3,8,7,8,730,39600,1.8,5.8,0.46,3.02,4,15,49,150,8.258,7712.975
4935,UPPALAPADU TANK,Wetland,ANDHRA PRADESH,21,24,277.95,6.4,7.6,7,8.4,641,937,2.6,4.4,1.27,4.52,3,4,150,2400,10.36,168.69
4932,YERRAKALUVA RESERVOIR,Wetland,ANDHRA PRADESH,23,28,361.25,2.2,8.2,7.1,8,185,1175,1.4,2.8,0.42,2.29,4,7,43,93,7.476,219.1
3785,"BORBEEL NO. 1 , RAM NAGAR, DIGBOI,
PUBLIC WATER SUPPLY, TINSUKIA",LAKE,ASSAM,24,24,48.7,1,1,7.7,7.8,278,282,2.3,2.4,1,1,2,2,2,2,7.12,40.965
3789,"BORDOIBAM BEELMUKH BIRD
SANCTUARY, DHEMAJI",LAKE,ASSAM,22,26,22.8,3.8,8.5,7,7.7,179,208,2,2.7,0.6,1.2,300,910,1400,2000,6.815,28.535
3820,"BORSOLA BEEL, SARABBHATTI,
GUWAHATI",LAKE,ASSAM,21,32,114.5,0.3,6.3,7.3,7.8,452,470,23.6,29.2,2,2.8,2300,3900,4400,6400,11.1,85.625
2206,"DALONI BEEL NEAR JOGIGHOPA, ASSAM",LAKE,ASSAM,24,36,21.65,4.5,5.5,7,7.8,66,81,1.6,2.6,0.7,1.1,300,730,610,1500,6.85,13.77
2218,"DEEPAR BEEL AT BORAGAON NEAR
IASST, GUWAHATI, ASSAM",LAKE,ASSAM,21,31,50.8,4.6,10.8,7.2,7.8,156,288,2,5,0.6,2,300,730,1100,1600,7.57,49.135
1529,"DEEPAR BEEL, ASSAM",LAKE,ASSAM,20,31,51.85,4.2,10.8,7.2,7.8,150,291,2.2,5.2,0.8,1.8,300,730,910,1600,7.66,49.72
3821,"DIPLAI BEEL AT SILGARA, KOKRAJHAR",LAKE,ASSAM,22,34,15.7,4.2,5.5,7,7.6,64,98,2,2.9,0.7,1.4,300,730,910,1600,7.105,15.085
3787,"HOLUDUNGA BEEL NEAR GAI NADI/
RIVER AT SOMARAJAN, DHEMA JI",LAKE,ASSAM,22,25,4.5,4.2,8.4,7,7.6,84,130,2,2.8,0.6,0.9,300,730,910,1500,6.58,12.325
4337,"KAMALABARI LAKE INSIDE KAMALABARI
CHILDREN,S PARK, GELEKY",LAKE,ASSAM,20,35,20.25,5.4,7.6,6.8,7.6,53,85,1.9,2.5,0.7,1.2,300,360,360,910,6.925,13.55
3812,"KAMALPUR BEEL, KAMALPUR",LAKE,ASSAM,21,27,352.5,0.3,3.8,7.2,7.8,1046,1150,25.2,30.4,2.2,3.4,360,1400,910,2700,11.88,213.225
3800,"MALINI BEEL NEAR INDUTRIAL AREA AT
RAMNAGAR",LAKE,ASSAM,20,25,7.4,4,6.2,7,7.7,126,164,2.1,2.8,0.6,1,300,610,610,1600,6.66,18.955
2205,"MER BEEL AT MADHABPUR, ASSAM",LAKE,ASSAM,22,25,6.35,4,7.8,7.2,8,136,161,2.3,2.8,0.8,1.1,300,720,910,2000,6.98,18.37
3808,PARASHALI BEEL AT DEMORIA,LAKE,ASSAM,20,30,3.2,5.8,10.2,7,7.6,120,152,2.2,2.8,0.6,1.2,300,930,910,2000,6.82,21.615
3798,SAMAGURI BEEL IN NAGAON DISTRICT,LAKE,ASSAM,19,34,0.05,4,7.1,7,7.5,118,143,2,2.9,0.6,1.1,300,730,720,2000,6.745,23.86
3814,"SILSAKO BEEL, CHACHAL, GUWAHATI",LAKE,ASSAM,20,33,136.2,0.3,1.4,7.1,7.6,511,532,14,19,1.2,2.6,1400,2300,2700,4300,9.47,98.715
3804,SON BEEL WATER AT KARIMGANJ,LAKE,ASSAM,21,25,5.3,4,4.3,6.8,7.5,123,158,2.2,2.8,0.6,1.2,300,910,730,2100,6.82,17.785
3819,"SORU SOLA BEEL, PALTAN BAZAR,
GUWAHATI",LAKE,ASSAM,21,32,120.1,0.3,6.7,7,8,462,486,24.6,29.4,2,2.8,2600,3600,4200,5300,11.11,88.745
2225,"BASKANDI POND INSIDE THE BASKANDI MADRASA, BASKANDI, ASSAM",POND,ASSAM,18,24,-4.5,4.2,4.8,7.2,7.5,101,130,2.1,2.6,0.6,1.2,300,910,1100,2000,6.81,11.325
2219,"BISHNU PUSKAR PUKHURI OF HAYAGRIB MADHAB TEMPLE, HAJO, ASSAM",POND,ASSAM,20,27,34.7,4.5,10,7,7.6,210,242,2,2.6,1,1.3,300,2300,730,4300,7.37,36.165
2207,"BOR BEEL AT JAKAI., ASSAM",POND,ASSAM,21,25,53.95,4,7,7.2,7.8,200,297,2,2.8,0.6,1.1,300,730,610,1500,6.74,44.89
3772,BORPUKHURI AT SONARI,POND,ASSAM,18,33,11.95,5.8,7.4,6.8,8,68,111,2,2.6,0.6,1.1,300,360,360,1100,6.73,16.62
2208,"BORPUKHURI, NAZIRA, ASSAM",POND,ASSAM,19,34,16.4,5.6,7.6,6.9,7.7,56,96,2,2.5,0.7,1.1,300,360,300,910,6.845,14.695
2214,"BOTODRIVA SATRA POND, NAGAON,
ASSAM",POND,ASSAM,20,30,19.2,4,6.2,7.2,7.6,63,88,2,2.8,0.8,1.1,300,730,730,1500,6.98,9.135
2220,"CHAND DUBI BEEL, CHAND DUBI, ASSAM",POND,ASSAM,22,32,12.2,4.6,10.3,7.2,7.7,83,108,2.1,2.6,0.7,1.1,300,730,720,1500,6.85,15.035
2216,"DIGHALI PUKHURI, GUWAHATI, ASSAM",POND,ASSAM,20,35,62.35,4.2,11.2,7.1,7.7,218,321,2.3,3,1,1.8,360,730,910,2000,7.79,59.57
1263,"ELANGABEEL SYSTEM POND
(CONNECTED TO R. KOLANG), ASSAM",POND,ASSAM,19,29,258.7,4,6.8,7,7.6,206,882,2.2,2.8,0.8,1.3,300,910,730,2100,7.14,162.965
2228,"GALA BEEL AT DERGAON, ASSAM",POND,ASSAM,20,30,13.95,6.8,9.2,7.3,7.8,63,103,2.1,2.5,0.7,1.1,300,720,720,1500,6.845,12.06
2221,"GANGA PUKHURI, NALBARI (GORDON
SCHOOL), ASSAM",POND,ASSAM,21,27,18.85,4.5,10.2,7,7.8,70,89,1.8,2.8,0.6,1.1,300,730,610,1500,6.74,6.33
2209,"GAURISAGAR TANK, GAURISAGAR,
ASSAM",POND,ASSAM,20,36,20.95,4.8,7,6.4,7.6,65,83,1.3,2.7,0.7,1.4,2,730,360,1500,7.095,14.16
2212,"GOPHUR TANK, GOPHUR, ASSAM",POND,ASSAM,20,32,8.35,6.8,7.6,7.4,7.8,101,119,2.3,2.6,0.6,1.2,300,360,620,1500,6.81,17.18
2227,"HORDAI PUKHURI, CHARAIDEW, ASSAM",POND,ASSAM,18,32,23.05,5.6,7.2,6.7,7.4,64,77,1.8,2.7,0.8,1.1,300,360,360,910,6.975,8.99
2213,"JAIPAL PUKHURI, SIPAJHAR, ASSAM",POND,ASSAM,22,31,23.5,7,8,7.2,8,89,210,2.2,2.8,0.8,1.1,300,720,730,1400,6.98,33.925
3809,"JORPUKHURI AT UZANBAZAR
(UGRATALA TEMPLE)",POND,ASSAM,20,35,91.4,4.5,11,7,8,382,404,2.1,2.9,0.8,1.2,360,910,910,2000,7.065,75.755
2223,"MAHAMAYA MANDIR PUKHURI, ASSAM",POND,ASSAM,22,36,16.75,4,5.1,7.2,8,68,95,1.9,2.6,0.7,1.1,300,910,910,2100,6.85,16.5
4006,NETAI PUKHURI AT NETAI PUKHURI,POND,ASSAM,18,35,19.2,5,7.6,6,7.9,64,88,1.8,2.6,0.7,1.1,300,360,360,910,6.85,14.135
2211,"PADUMPUKHURI, TEZPUR, ASSAM",POND,ASSAM,23,33,56.4,7,7.8,7.2,7.8,264,304,2.2,2.7,0.8,1.3,300,730,720,1500,7.135,54.255
3806,"POND WATER FROM RAMKRISHNA
MISSION AT HAILAKANDI",POND,ASSAM,22,25,12.65,4,5.4,6.8,7.7,122,179,2.2,2.6,0.7,1,300,940,910,1600,6.77,21.88
2222,"RAJADINIA PUKHURI AT ABHAYAPURI, ASSAM",POND,ASSAM,24,38,22,4.1,5.7,7,7.7,60,80,1.9,2.6,0.7,1.2,300,910,730,2000,6.93,15.575
2224,"RAJAPUKHURI AT GAURIPUR, ASSAM",POND,ASSAM,24,36,5.9,4.3,5.6,7.3,7.9,96,126,2.1,2.6,0.7,1.2,300,910,910,2000,6.93,22.545
2210,"RAJMAW PUKHURI, JORHAT, ASSAM",POND,ASSAM,21,33,11.85,5.6,7.8,6.8,7.8,73,109,2.1,2.6,0.6,1.2,300,360,360,910,6.81,16.23
2215,"SARAN BEEL, ASSAM",POND,ASSAM,21,32,13.25,4,7,7,7.6,75,105,2,2.7,0.7,1.1,300,730,720,1500,6.855,14.45
2226,"SIVASAGAR TANK (BORPUKHURI) NEAR
SIVADOL, ASSAM",POND,ASSAM,20,36,18.5,4,7.5,6.6,7.6,66,90,1.8,2.8,0.7,1.1,300,730,360,1500,6.86,15.525
2217,"SUBHAGYA KUNDA POND KAMAKHYA
TEMPLE, GUWAHATI, ASSAM",POND,ASSAM,19,30,36.45,4,8.5,7.3,7.8,218,247,2,2.7,0.6,1.1,300,730,720,2100,6.735,40.14
4334,"THOWRADOLE PUKHURI, THOWRADOLE
G.P. DEMOW BLOCK",POND,ASSAM,19,36,18.85,5.5,7.8,6.8,7.7,71,89,2,2.8,0.7,1.1,300,360,360,910,6.86,15.33
1532,"GOYSAGAR TANK, SIBSAGAR, ASSAM",TANK,ASSAM,20,36,19.2,5.5,6.5,6.3,7.6,62,88,1.4,2.6,0.7,1.1,2,300,360,730,6.85,15.135
2557,"KAWAR LAKE, BEGUSARAI",LAKE,BIHAR,12,31,76,1.7,9.2,6.8,7.5,136,360,2.4,4.2,0.15,6.2,780,92000,2300,160000,10.35,63.175
2571,MOTI JHEEL AT MOTIHARII,LAKE,BIHAR,20,29,328,2.6,22,7.2,8.3,390,1080,1,16,0.06,2.57,680,160000,1100,160000,7.928,201.575
4296,"SIKANDRAPUR, MUZAFFARPUR",LAKE,BIHAR,12,32,281.8,2.2,18.5,7.6,9,444,948,3.7,10,0.3,0.5,1700,160000,3300,160000,6.26,178.835
2574,SURAJ KUND AT GAYA,POND,BIHAR,18,31,235.95,3.3,16,7.1,8.2,427,817,2.3,6.9,0.13,1.65,2200,160000,2600,160000,6.821,152.29
2573,TIGHI TALAB AT GAYA,POND,BIHAR,18,31,349,5.4,19.6,7.4,8.8,557,1140,2.1,8,0.3,1.17,920,160000,1700,160000,6.696,215.275
2046,"SUKHNA LAKE, CHANDIGARH",LAKE,CHANDIGARH,17,33,53.25,7.5,10.3,6.9,8.7,208,295,2.4,3.6,0.5,15,5,27000,33,10900000,17.78,52.5
3163,"HITKASA TAILING DAM, RAJHARA, CHHATISGARH.(DALLI RAJHARA IRON
ORE MINES, DALLI RAJHARA)",LAKE,CHHATTISGARH,24,32,50,6,6.8,7.1,7.8,,,8,16,0.64,0.64,2,170,70,170,7.08,-6.025
3164,"NEHRU NAGAR TALAB, BHILAI, CHHATISGARH.",POND,CHHATTISGARH,21,31,50,7,7.2,7.1,7.8,,,2,2.8,0.59,0.59,10,110,110,170,6.32,-7.025
3031,"BHALSWA LAKE, DELHI",LAKE,DELHI,32,32,2246,0.3,1.7,7.6,8.1,6560,6560,40,55,1.14,2.1,49000,3300000,14000000,14000000,10.798,1273.175
3476,"LAKE NEAR IIT FLYOVER, DELHI",LAKE,DELHI,34,34,279,0.3,11,8.7,9.1,940,940,64,163,2.38,2.6,49,980000,79,79,18.086,179.275
3030,"SANJAY LAKE, DELHI",LAKE,DELHI,33,33,367.9,0.3,9,8.1,8.3,1194,1194,26,57,1.01,2.04,49,40000,130,130,10.694,227.805
3175,ANJUNEM LAKE,LAKE,GOA,27,32,1,4.8,7.9,5.7,7.4,40,140,1,1.6,0.32,0.54,2,240,2,540,5.896,21.275
3177,CARAMBOLIM LAKE,LAKE,GOA,27,30,161.05,4.3,8.8,6.3,8.3,99,603,1,2.8,0.32,0.39,78,1300,110,3300,5.836,109.56
3180,CURTORIM LAKE,LAKE,GOA,27,31,18.25,1.6,6.7,6,7.7,78,195,1,2.9,0.32,1.22,130,2300,170,4900,6.505,31
4408,HARWALE WATER FALL,LAKE,GOA,27,33,8.45,5.9,8.4,6.2,7.4,55,167,1,1.9,0.32,0.44,49,3300,140,5400,5.831,27.54
2269,"MAYEM LAKE, BICHOLIM",LAKE,GOA,28,32,-16.4,5.9,8.2,6.2,7.3,39,96,1,1.8,0.32,0.32,170,2200,330,2700,5.73,12.695
3178,RAIA LAKE,LAKE,GOA,27,31,11.95,2.8,7.7,6.4,7.7,90,177,1.2,3.4,0.32,1.12,45,2700,68,3900,6.45,27.49
3176,RUMDER LAKE,LAKE,GOA,27,32,0.65,1.2,6,6.1,7.8,95,141,1,3.8,0.32,0.52,130,2300,230,4900,5.99,21.47
3179,SAIPEM LAKE,LAKE,GOA,28,30,112.05,1.2,4.9,6.5,7.8,196,463,2.5,8,0.32,1.18,230,4900,940,7900,6.728,82.26
1549,"SALAULIM LAKE AT SALAULIM -
SANGUEM, GOA",LAKE,GOA,27.5,33,1.35,6.1,8.1,6.7,8.5,38,139,1,1.8,0.32,0.9,2,49,4,79,6.194,22.08
1345,"AJWAH LAKE AT SRI SAYAJI SABVAR,
BARODA,",LAKE,GUJARAT,27,30,125.7,5.1,8.5,7.6,8.5,365,502,1,1,0.32,0.39,2,11,17,70,5.746,89.865
2076,"ANKLESHWAR RESERVOIR AT GIDC
ANKLESHWAR AT VALIA ROAD.",LAKE,GUJARAT,26,31,127.8,6.5,8.5,7.6,8.3,306,508,1,1,0.3,0.5,2,27,20,70,5.81,92.035
1973,"BINDUSAROVAR, SIDDHPUR
(DIST.PATAN)",LAKE,GUJARAT,27,29,795.25,3.5,7.2,7.3,8,205,2415,1,10.5,0.3,1.3,12,120,46,350,6.925,461.9
1344,"CHANDOLA LAKE AT AHMEDABAD,",LAKE,GUJARAT,25,30,184.15,4.1,6.9,7.3,8.4,449,669,2.4,19,0.3,1.68,26,920,130,1600,7.654,122.43
1977,CITY LAKE OF NADIAD,LAKE,GUJARAT,27,35,517.35,4.7,6.7,7.7,8.5,892,1621,1.5,3.2,0.24,0.72,70,350,280,540,6.024,313.07
3198,"GOMTI LAKE, OPP, RANCHODAJI
TEMPLE, DAKOR, KHEDA",LAKE,GUJARAT,26,33,176.1,3.4,6.8,7.4,8.5,335,646,1.3,3.2,0.32,1.6,23,140,130,350,6.824,120.945
3199,"HAMISAR TALAV, BHUJ",LAKE,GUJARAT,23,30,191.5,5.2,6.4,7.2,8.4,363,690,2.2,2.8,0.33,0.46,5,7,22,28,5.904,126.525
1343,"KANKORIA LAKE AT AHMEDABAD, NR.
BALVATIKA,",LAKE,GUJARAT,25,30,1349.65,4.8,8.4,8.5,9.1,2571,3999,7,22,0.32,1.63,33,920,280,1600,7.788,771.78
2078,"KUWADAVA LAKE, VILL. KUWADAVA,
DIST. RAJKOT.",LAKE,GUJARAT,26,30,1042,5.9,6.9,7.3,8.4,452,3120,1.6,2.5,0.32,0.75,2,170,10,540,6.109,600.375
1975,"LAKHOTA TALAV, JAMNAGAR",LAKE,GUJARAT,18,29,242.25,3,4.4,6.8,8.4,358,835,1,2.1,0.32,0.6,3,6,6,27,5.969,153.8
3197,"MACHHU-II DAM, RAFLESHWAR, MORBI, RAJKOT",LAKE,GUJARAT,24,29,304.2,6.4,6.8,7.3,8.6,299,1012,2,2.4,0.16,0.43,2,21,2,49,5.656,188.315
3201,"MALAV TALAV, DHOLKA",LAKE,GUJARAT,24,32,1297.5,4.2,9.2,8.3,9.1,2669,3850,3,27,0.3,0.72,12,540,63,920,7.286,744.725
3200,MOONSAR LAKE OF VIRAMGAM,LAKE,GUJARAT,26,30,2098.3,0.3,7.5,8.3,9,1838,6138,10,59,0.16,1.1,94,920,280,1600,9.022,1188.885
2077,"MOTICHER LAKE NEAR KAKARPAR
ATOMIC POWER STATION, DIST. SURAT.",LAKE,GUJARAT,20,30,220.55,6.2,7.6,7.5,8.3,383,773,1,1.1,0.01,0.42,2,6,2,33,5.403,142.71
1972,"NALSAROVAR LAKE (SANAND),
DIST.AHMEDABAD",LAKE,GUJARAT,26,30,3968,5,8.4,7.8,8.8,1290,11480,1.8,24,0.32,0.76,33,540,120,920,7.192,2230.575
1976,NARSIMEHTA TALAV- JUNAGADH,LAKE,GUJARAT,23,29,307,3.5,6.5,7.2,8.3,314,1020,2.2,2.9,0.33,0.35,2,49,17,130,5.821,189.875
1346,"SURSAGAR LAKE AT BARODA,",LAKE,GUJARAT,26,32,347.6,4.9,7.3,7.6,8.5,800,1136,1.6,4.1,0.32,0.45,46,350,170,540,5.949,215.495
3202,VHERAIMATA TALAV AT ANAND,LAKE,GUJARAT,26,28,222.65,3.5,5.5,7.3,8.5,430,779,1.8,4.1,0.3,0.91,130,350,240,540,6.293,141.88
2079,"DHUDHIA TALAV AT NAVSARI, DIST.
NAVSARI.",POND,GUJARAT,28,31,147.4,7,7.8,7.5,8.4,369,564,1,1.9,0.3,0.57,2,17,10,120,5.911,102.955
1979,"OLPAD, VILLAGE POND:OLPAD, SURAT",POND,GUJARAT,20,30,313.3,5.4,8.2,7.3,8.4,413,1038,1,2.5,0.04,0.32,2,110,27,280,5.429,194.385
1971,THOL TANK (KALOL) (DIST. MEHASANA),TANK,GUJARAT,22,35,426,2.6,7.7,7.1,8.5,440,1360,8,29,0.32,1.04,6,540,50,920,7.666,262.175
1349,"BRAHMSAROVAR LAKE AT
KURUKSHETRA",LAKE,HARYANA,,,234.2,6.2,7.8,7.2,8,289,812,3.5,4.5,0.14,2.84,100,14100,100,34800,7.665,120.315
1392,"KAUSSHALAYA LAKE, PINJORE,
PANCHKULA",LAKE,HARYANA,,,120.8,3.9,7.2,7.6,8.2,329,488,3.2,4.8,0.3,0.88,400,4800,100,12000,6.304,57.135
3033,SOHNA LAKE,LAKE,HARYANA,20.4,32,426,6.5,7.2,7,7.9,860,1360,4,9,0.8,3.2,6600,39000,32000,110000,8.97,259.175
4857,"SANHIT SAROVAR, KURUSHETRA",POND,HARYANA,,,224.75,6.3,8,7,7.8,280,785,3.4,4.6,0.18,0.3,100,11800,100,24000,5.686,115.05
1291,GOBINDSAGAR LAKE AT BILASPUR,LAKE,"HIMACHAL
PRADESH",14,23,83,8.4,9.7,7.2,8,187,380,1,1,0.32,2.14,94,540,280,1600,7.146,59.075
2650,KHAZIAR LAKE,LAKE,"HIMACHAL
PRADESH",4,17,10.45,5.7,7.1,6.1,7.7,62,113,1,2,0.3,1.9,2,2,31,84,6.98,1.01
1292,"PONGDAM LAKE AT PONG VILLAGE,",LAKE,"HIMACHAL
PRADESH",13,26,28.75,6,9.2,7.1,8.2,109,225,1,1,0.3,1.2,2,2,25,63,6.37,31.85
1429,"RENUKA LAKE , 35 KM FROM PATNA
SAHIB NORTH",LAKE,"HIMACHAL
PRADESH",10,22,168.75,6.5,8.9,7.3,8.5,372,625,1,2,0.32,0.82,26,46,130,350,6.14,105.85
2649,RIWALSAR LAKE,LAKE,"HIMACHAL
PRADESH",11,27,211.1,5.3,9.8,6.9,8.3,58,746,1,5,0.41,1.74,110,920,920,1600,7.134,134.445
2738,"(MANSAR LAKE AT MID POINT(MANSAR
LAKE)",LAKE,"JAMMU &
KASHMIR",14,24,28.75,7.5,7.9,7.4,7.9,190,225,1,1,0.02,0.26,,,,,5.282,29.85
2740,"(MANSAR LAKE AT MID POINT(SURINSAR LAKE), J&K",LAKE,JAMMU & KASHMIR,15,26,32.6,6.2,6.6,7.9,8.6,168,236,3.1,4.1,0.03,0.04,-,-,-,-,5.273,33.995
4044,ANCHAR LAKE AT CENTRAL SITE,LAKE,JAMMU & KASHMIR,9.2,26.1,117.65,3.6,7.1,7.3,7.7,225,479,1.5,2.8,-,-,-,-,-,-,0,81.48
4047,ANCHAR LAKE AT JENAB SAHAB SOURA,LAKE,JAMMU & KASHMIR,8.3,26.3,203.75,0.5,3.6,7.2,7.4,300,725,3.3,8.7,-,-,-,-,-,-,0,129.65
4045,ANCHAR LAKE AT SANGAM,LAKE,"JAMMU &
KASHMIR",7.1,26.4,143.2,1.4,5.6,7.2,7.4,274,552,2.4,5.3,-,-,-,-,-,-,0,96.015
4043,ANCHAR LAKE AT SINDH INFLOW,LAKE,"JAMMU &
KASHMIR",7.3,24,961.15,3.5,7.2,7.3,7.8,217,2889,1.2,2.8,-,-,-,-,-,-,0,549.33
4046,ANCHAR LAKE NEAR LKIMS,LAKE,"JAMMU &
KASHMIR",8.9,25.8,186.6,0.7,2.6,7.1,7.4,274,676,3.5,7.6,-,-,-,-,-,-,0,119.595
4040,DAL LAKE AT ASHAIBAGH BRIDGE,LAKE,"JAMMU &
KASHMIR",13,25.8,25.95,4.3,9,7.3,8.1,179,217,2,4.4,-,-,-,-,-,-,0,30.09
4042,DAL LAKE AT JOGILANKER,LAKE,"JAMMU &
KASHMIR",14,28.2,72.5,0.5,4.5,7.1,7.7,264,350,5.4,13.6,-,-,-,-,-,-,0,58.425
4041,DAL LAKE AT NAYADYAR,LAKE,"JAMMU &
KASHMIR",13.5,28,58.5,0.7,5,7.1,7.7,273,310,4.4,10.5,-,-,-,-,-,-,0,50.425
3254,DAL LAKE AT ABIKARPORA,LAKE,"JAMMU &
KASHMIR",11.2,25.5,688.5,3.4,7.5,7.2,7.9,166,2110,2.1,2.9,-,-,-,-,-,-,0,398.925
3252,DAL LAKE AT CHAIRCHINARI,LAKE,"JAMMU &
KASHMIR",11.3,28,22.1,3.3,7.5,7,8.3,161,206,2,3.7,-,-,-,-,-,-,0,30.145
3251,DAL LAKE AT DALGATE,LAKE,"JAMMU &
KASHMIR",11.7,27.3,20,4.7,7.6,7.1,7.9,170,200,2.7,3.3,-,-,-,-,-,-,0,28.275
3259,DAL LAKE AT DHOBIGHAT,LAKE,"JAMMU &
KASHMIR",14,27.8,100.5,4,9,7.5,8.2,161,430,2.3,6.4,-,-,-,-,-,-,0,73.625
3256,"DAL LAKE AT ENTRY POINT OF TALIBAL
NALLAH",LAKE,"JAMMU &
KASHMIR",13,26.4,32.95,6,9.5,7.5,8.1,101,237,1.3,3.4,-,-,-,-,-,-,0,34.59
3257,DAL LAKE AT HABAK,LAKE,"JAMMU &
KASHMIR",13.5,27.4,97,2.8,8.3,7.4,8.5,183,420,1,8.5,0.02,0.02,-,-,-,-,5.465,71.275
3258,DAL LAKE AT HAZRATBAL,LAKE,"JAMMU &
KASHMIR",13.8,28,58.85,4.5,9.8,7.5,8.3,206,311,2.2,5.6,-,-,-,-,-,-,0,50.62
3262,"DAL LAKE AT NIGEEN, WATER INTAKE PT OF POKHRIBAL WATER TREATMENT
PLANT",LAKE,JAMMU & KASHMIR,13.5,27,29.45,5.8,9.2,7.7,8.5,202,227,2,4,-,-,-,-,-,-,0,33.24
3261,"DAL LAKE AT NISHAT, WATER INTAKE POINT OF NISHAT WATER TREATMENT
PLANT",LAKE,JAMMU & KASHMIR,13,27.6,18.25,6.4,9.8,7.9,8.2,160,195,2,3.8,-,-,-,-,-,-,0,27.6
3260,DAL LAKE AT SONALANK,LAKE,JAMMU & KASHMIR,13.8,26.1,43.8,6.4,9.8,7.4,8.5,142,268,1.5,2.9,-,-,-,-,-,-,0,40.335
1309,DAL LAKE AT SRINAGAR,LAKE,JAMMU & KASHMIR,11.7,28,20.7,5.7,9.3,7.4,7.8,165,202,2.3,4.6,-,-,-,-,-,-,0,29.365
3253,DAL LAKE NEAR NISHAT LAM,LAKE,JAMMU & KASHMIR,12.2,27.5,43.45,4.8,8.9,7.6,8.3,188,267,2,6.3,-,-,-,-,-,-,0,41.54
2739,"MANSAR LAKE POINT OF DISCHARGE OF WASTE WATER FROM DIFFERENT
ESTABLISHMENTS NEAR NAG TEMPLE",LAKE,JAMMU & KASHMIR,14,24,33.65,5.9,7.9,7.5,8.1,192,239,1,1,0.02,0.02,-,-,-,-,5.09,32.58
2741,"SURINSAR LAKE POINT OF DISCHARGE OF WASTE WATER FROM DIFFERENT
ESTABLISHMENTS",LAKE,JAMMU & KASHMIR,15,26,34,6.1,6.5,8.1,8.6,170,240,3.4,16.4,0.04,0.04,-,-,-,-,5.9,34.775
4048,WULAR LAKE AT SADERKOTE,LAKE,"JAMMU &
KASHMIR",9.4,27,51.85,2.5,7.5,7.3,7.6,197,291,2,5.1,-,-,-,-,-,-,0,45.72
4049,WULAR LAKE AT ZALWAN,LAKE,"JAMMU &
KASHMIR",10,21,120.45,1.6,8.1,7.1,7.5,90,487,1.3,5.6,-,-,-,-,-,-,0,77.94
3266,"WULAR LAKE AT ENTRY PT OF ERIN
NALLAH",LAKE,"JAMMU &
KASHMIR",6.1,24,7.75,3,7.9,7.2,7.9,70,165,1,4.6,-,-,-,-,-,-,0,18.15
3263,WULAR LAKE AT NINGLI NALLAH,LAKE,"JAMMU &
KASHMIR",6,24.1,41,4.2,6.8,7.1,7.6,194,260,1.3,2.7,-,-,-,-,-,-,0,36.775
3264,WULAR LAKE AT WATLAB,LAKE,"JAMMU &
KASHMIR",8.6,26,37.15,4.4,8.5,7.1,8,161,249,1.5,2.7,-,-,-,-,-,-,0,36.53
3265,WULAR LAKE ATKANIBATH,LAKE,"JAMMU &
KASHMIR",8.5,28.4,43.8,2.4,8.7,7.1,7.7,188,268,1.8,5.7,-,-,-,-,-,-,0,42.635
2398,"DIMNA LAKE, DIMNA",LAKE,JHARKHAND,20,32,35.05,7,8,7.2,7.7,168,243,1,1.6,-,-,-,-,-,-,0,41.36
2394,TOP CHANCHI LAKE,LAKE,JHARKHAND,19.5,20,0,7.4,7.6,7.5,7.5,-,-,2.4,2.5,-,-,-,-,-,-,0,#VALUE!
4491,"HOLY POND OF SHIV GANGA JARMUNDI,
DUMKA",POND,JHARKHAND,17,31,72.5,3.6,8,7.6,8.2,296,350,2.1,2.6,-,-,-,-,-,-,0,61.225
4740,"LOCO TALAB ) PUMPU TALAB), AT- BARMASIA, DHANBAD",POND,JHARKHAND,20,23,0,2,4.9,7.3,7.4,-,-,3.9,12.8,-,-,-,-,-,-,0,#VALUE!
4741,"RANIBANDH TALAB NEAR ISM, DHANBAD",POND,JHARKHAND,19,23,0,4,4.2,7.3,7.4,-,-,4.6,4.8,-,-,-,-,-,-,0,#VALUE!
2393,"SHIV GANGA POND, DEOGHAR",POND,JHARKHAND,17,32,66.2,6.2,7.6,7.6,8.2,310,332,1.5,2.6,-,-,-,-,-,-,0,58.715
4506,ABBIGERE LAKE,LAKE,KARNATAKA,25,25,439.65,0.3,7.2,6.5,8.1,226,1399,3,42,0.7,3,4600,940000,35000,5400000,10.34,259.78
3612,AGARAM LAKE,LAKE,KARNATAKA,25,25,393.8,1.9,7,6.5,7.7,324,1268,4,22,1.5,5.7,3300,150000,24000,1600000,12.46,234.235
3628,AMRUTHAHALLI LAKE,LAKE,KARNATAKA,25,25,287.05,4.2,6.6,6.6,7.6,449,963,3,8,0.3,2.6,2300,1100000,24000,3500000,7.84,174.76
4096,"ANDHRAHALLI LAKE, ANDHRAHALLI, BENGALURU",LAKE,KARNATAKA,25,25,522.95,0.3,6.2,6.3,7.2,358,1637,4,29,0.3,2.2,3400,700000,24000,5400000,8.57,306.19
3615,ARAKERE LAKE,LAKE,KARNATAKA,25,25,294.75,4.6,6.8,6.8,7.9,706,985,3.7,7,1.4,3.29,490,15000,5400,160000,9.662,179.05
4542,BASAVANAPURA LAKE,LAKE,KARNATAKA,25,25,367.9,4.4,6.5,6.5,8.1,209,1194,4,9,0.7,3.2,3300,140000,24000,540000,8.85,219.805
4515,BATTARAHALLI LAKE,LAKE,KARNATAKA,25,25,282.15,3.2,6.8,7.1,8.5,706,949,4,17,0.4,6.49,3300,150000,24000,1600000,11.522,172.03
3602,BELLANDUR LAKE,LAKE,KARNATAKA,25,25,365.45,0.3,2.8,6.5,6.9,1035,1187,18,87,1.1,5,2300,1200000000,24000,9200000000,14.67,218.44
3679,BHUTANALA LAKE,LAKE,KARNATAKA,24,29,484.8,0.3,10.9,7.6,9,708,1528,1,38,0.32,6,920,1840,1600,3200,12.084,288.935
3649,BUGUDANAHALLI LAKE,LAKE,KARNATAKA,25,25,59.2,5.7,6.9,6.5,7.2,141,312,3,5,0.4,11.5,1200,15000,16000,160000,14.93,47.815
4507,CHELEKERE LAKE,LAKE,KARNATAKA,25,25,414.1,4,7,6.5,7.4,297,1326,3,11,0.6,2.3,3300,940000,24000,5400000,8.11,245.545
4095,"CHIKKABANVARA LAKE,
CHIKKABANWARA, BENGALURU NORTH",LAKE,KARNATAKA,25,25,604.85,1,7,6.5,7.7,225,1871,4,22,0.36,3,3300,1100000,24000,9200000,8.932,351.82
4537,CHINNAKURCHI KERE,LAKE,KARNATAKA,25,25.1,132.35,4.8,7.4,6.5,7.8,208,521,2,10,0.3,2.2,23,46000,24000,350000,7.62,88.67
4520,CHINNAPANHALLI LAKE,LAKE,KARNATAKA,25,25,383.3,2.1,4.8,6.5,8.5,671,1238,6,36,1.5,3.6,4000,79000,24000,540000,11.48,228.385
3584,DALAVAI LAKE,LAKE,KARNATAKA,21,26,358.8,0.3,3.6,7.1,8.5,725,1168,8,14,2.1,4.9,2100,3300,7000,12000,12.14,215.735
4521,DEVARABEESANAHALLI LAKE,LAKE,KARNATAKA,21,25,417.6,2.1,6.6,6.5,7.6,425,1336,3,30,1.1,9.4,4000,14000,24000,160000,15.34,247.495
3645,DEVARAYASAMUDRA LAKE,LAKE,KARNATAKA,25,25,339.9,3.4,6.6,6.1,8,185,1114,3,8,0.3,9.79,4000,120000,24000,1600000,13.592,204.205
4539,DODDABIDARAKALLU LAKE,LAKE,KARNATAKA,25,25,557.95,0.3,5.1,6.3,7.4,974,1737,9,375,1.2,8,3300,2300000000,24000,2400000000,31.59,325.69
4094,"GANGONDANA HALLI LAKE, BENGALURU
NORTH",LAKE,KARNATAKA,25,25,1003.5,0.3,6,6,7.5,359,3010,5,203,0.7,13,4600,94000000,35000,540000000,26.39,573.925
4518,GARUDACHARPALYA LAKE,LAKE,KARNATAKA,25,25,569.15,4,6.2,6.5,7.6,325,1769,4,15,0.5,4.5,2300,94000,24000,540000,9.95,331.93
3613,GOTTIGERE LAKE,LAKE,KARNATAKA,25,25,458.55,2,7.1,6.4,8.4,221,1453,4,42,0.6,3.6,2300,46000,24000,350000,10.7,270.31
3654,GOTTIGERE LAKE,LAKE,KARNATAKA,25,26,902,2.1,6.8,6.1,7.1,240,2720,3,34,0.3,8.8,4000,120000,24000,920000,14.1,518.375
4535,GUBBALAL KERE,LAKE,KARNATAKA,25,25,79.85,4.8,6.4,6.5,7.7,247,371,3,11,0.4,0.8,1500,15000,16000,160000,6.67,59.32
3621,HARALAKUNTE LAKE,LAKE,KARNATAKA,25,25,398.7,1.2,5.9,6.5,8.4,812,1282,4,30,0.8,5.3,3300,23000,24000,240000,11.7,236.965
1446,"HEBALLA VALLEY LAKE AT D/S ROAD BRIDGE NR. MANDYA,",LAKE,KARNATAKA,22,29,179.25,5.2,5.8,7.5,8.5,386,655,3.5,4.8,1.8,6,240,790,2200,3800,12.2,118.7
3582,HEBBAL LAKE,LAKE,KARNATAKA,19,25,492.15,4.4,6.3,7.5,9,986,1549,3.5,7.4,2.3,8.1,910,2600,5800,7000,14.61,289.03
3625,HEBBAL LAKE,LAKE,KARNATAKA,25,25,290.9,3.2,6.9,6.4,7.4,303,974,3,16,0.9,4,4000,480000,35000,3500000,10.08,176.905
4536,HOSAKEREHALLI LAKE,LAKE,KARNATAKA,25,25.1,501.6,0.3,6,6.5,7,550,1576,5,78,0.7,4.5,3300,700000,24000,3500000,13.34,294.395
3617,HULIMAVU LAKE,LAKE,KARNATAKA,25,25,463.1,3.1,7.2,6.9,7.9,217,1466,3,10,1,5.2,3300,17000,24000,160000,10.86,272.845
3609,IBBALUR LAKE,LAKE,KARNATAKA,25,25,208.3,2,6.4,6.5,7.4,206,738,4,16,0.5,3.4,4600,330000,35000,2400000,9.12,130.885
4546,JAKKSANDRA LAKE,LAKE,KARNATAKA,25,25,305.95,1,6.3,6.5,7.4,521,1017,3,35,1,4.2,2300,63000,24000,540000,11.31,185.29
3627,JAKKUR LAKE,LAKE,KARNATAKA,25,25,413.05,2.8,6.1,6.5,8.2,447,1323,3,13,1.27,4.7,2300,700000,24000,16000000,10.934,244.96
4097,"KACHOHALLI LAKE, KACHOHALLI,
BENGALURU NORTH",LAKE,KARNATAKA,25,25,748,0.3,5.5,6.3,7.6,286,2280,6,124,0.6,19,3300,480000,24000,3500000,27.12,431.575
3611,KAIKONDANAHALLI LAKE,LAKE,KARNATAKA,25,25,457.15,0.3,7.2,6.6,7.7,629,1449,3,27,0.93,6,2200,1700000,24000,16000000,12.266,269.53
3616,KALENA AGRAHARA LAKE,LAKE,KARNATAKA,25,25,406.4,4.1,7.2,6.5,8.4,424,1304,3,12,1,5.3,3300,23000,24000,240000,11.04,241.255
4540,KAMMGONDANAHALLI LAKE,LAKE,KARNATAKA,25,25,690.6,2.3,6.8,6.5,7.5,180,2116,3,12,0.3,4,4900,130000,24000,1600000,9.16,399.595
3601,KARIHOBANAHALLI LAKE,LAKE,KARNATAKA,25,25,951,0.3,6.1,6.5,7.4,827,2860,3,80,1.7,7.03,4800,48000000,35000,350000000,16.664,544.675
4529,KASAVANAHALLI LAKE,LAKE,KARNATAKA,25,25,248.55,4.6,7.1,6.7,7,210,853,4,6,1,5,4600,46000,35000,350000,10.5,153.31
3591,KEMPAMBUDHI LAKE,LAKE,KARNATAKA,25,25,225.45,4.3,6.8,6.5,8.5,299,787,3,14,0.88,2.3,2300,140000,24000,1600000,8.596,140.44
3680,KILLA LAKE,LAKE,KARNATAKA,21,33,192.2,4.6,10,7,8.8,332,692,1.3,6.4,0.3,4.7,920,920,1600,1600,9.44,129.915
4543,KODI SINGASANDRA LAKE,LAKE,KARNATAKA,25,25,388.55,2.7,6.9,6.5,8,488,1253,3,20,0.3,6.8,2300,46000,24000,350000,11.8,231.31
4544,KOTHUNURU LAKE,LAKE,KARNATAKA,25,25,420.75,3,6.2,6.6,7.6,369,1345,4,34,0.5,4,2700,14000,24000,160000,10.5,249.25
4517,KOWDHENAHALLI LAKE,LAKE,KARNATAKA,25,25.1,1129.5,0.3,6.5,6.5,8.3,313,3370,5,54,0.3,8.09,2600,330000,24000,2400000,14.532,644.225
3583,KUKKARAHALLI LAKE,LAKE,KARNATAKA,21,25,219.5,5,6.8,7.1,9,495,770,2.7,4.4,1,3.1,830,1400,4600,6300,8.9,137.125
4516,KUNDALAHALLI LAKE,LAKE,KARNATAKA,25,25,404.65,3,6.1,6.8,7.8,725,1299,4,17,0.81,15,460,94000,3500,540000,18.822,240.28
3586,LIMBHABUDI LAKE,LAKE,KARNATAKA,20,26,247.5,4.6,6,7.3,8.8,564,850,3.5,5.2,1.5,3.1,780,1700,5800,8400,9.54,153.725
4538,MACHOHALLI LAKE,LAKE,KARNATAKA,25,25,1420,0.3,6.4,6.3,7.6,385,4200,3,145,0.6,11,3300,1200000,24000,9200000,21.77,805.975
3644,MULBHAGAL LAKE,LAKE,KARNATAKA,25,25,653.15,1.2,5.4,6.8,8.2,647,2009,4,78,1.1,6,3300,63000,24000,540000,15.02,378.73
4523,NALLURAHALLI LAKE,LAKE,KARNATAKA,24,25,237,3.6,6.5,6.5,6.7,374,820,3,10,1.2,3,3900,7000,24000,54000,9.34,146.875
3646,NARASAPURA LAKE,LAKE,KARNATAKA,25,25,307.35,4.1,6.2,6.9,8,543,1021,3,10,0.3,7.75,3300,130000,24000,920000,12.06,186.07
4509,NARASIPURA LAKE,LAKE,KARNATAKA,25,25,237.35,1.1,7.1,6.5,7.8,304,821,3,34,0.44,3.2,3400,7000000,24000,92000000,9.788,147.07
3685,NAVALOORU LAKE,LAKE,KARNATAKA,24,26,324.5,6.5,6.8,7.4,8,810,1070,3.4,3.9,0.92,1.22,26,52,109,165,7.275,196.625
4505,NELAMANGALA LAKE,LAKE,KARNATAKA,25,25,692,0.8,6.3,6.5,7.6,422,2120,4,46,1.22,7.6,4600,34000,35000,240000,14.844,400.375
3620,PARAPPANA AGRAHARA LAKE,LAKE,KARNATAKA,25,25,403.95,1.8,6.5,6.5,8,207,1297,5,38,0.3,7.9,2300,1100000,24000,9200000,13.58,239.89
4524,PATTANDUR AGARAHARA,LAKE,KARNATAKA,25,25,209.35,0.3,6.8,6.5,8.2,346,741,4,32,0.5,2.8,330,63000,9200,540000,9.44,131.47
3624,PUTTENAHALLI LAKE,LAKE,KARNATAKA,25,25,360.55,3,6.3,6.6,7.7,459,1173,3,22,1.1,2.57,3300,94000,24000,540000,9.476,215.71
3614,PUTTENAHALLI LAKE (S),LAKE,KARNATAKA,25,25,381.55,4.7,6,6.9,7.8,290,1233,3,11,1.1,3,4000,9400,35000,54000,9.27,227.41
4510,RACHENAHALLI LAKE,LAKE,KARNATAKA,25,25,382.6,3.1,6.7,6.6,8.5,413,1236,4,23,0.47,4.6,3300,150000,24000,1600000,10.394,227.995
4519,RAMPURA LAKE,LAKE,KARNATAKA,25,25,468,0.3,4.2,6.6,7.4,1023,1480,9,93,0.9,6,3300,1700000,35000,9200000,15.53,275.575
4514,SADRAMANGALA LAKE,LAKE,KARNATAKA,24,25,309.45,1.5,7,6.5,8.3,552,1027,4,35,1.4,10,3300,15000,24000,160000,16.43,187.24
4504,SARAKKI LAKE,LAKE,KARNATAKA,25,25,224.05,4.9,7.1,6.9,8.2,415,783,3,9,0.3,5,3300,120000,24000,920000,9.81,139.66
4525,SEETHARAM PALYA LAKE,LAKE,KARNATAKA,25,25,1301,0.3,5.9,7.1,8.7,512,3860,4,50,2.09,11,3300,63000,24000,540000,18.808,739.675
3587,SHETTYKERE LAKE,LAKE,KARNATAKA,20,34,309.8,4.3,6.6,6.9,8.9,583,1028,3,6,1.8,3.6,700,2200,4700,7000,10.34,196.435
4508,SINGAPURA LAKE,LAKE,KARNATAKA,25,25,430.9,0.3,5.2,6.5,7.2,886,1374,5,47,0.3,5.9,4800,790000,35000,5400000,12.43,254.905
3618,SINGASANDRA LAKE,LAKE,KARNATAKA,25,25,428.45,1.1,7,6.5,7.6,562,1367,4,36,0.5,6,4300,130000,35000,1600000,12.2,253.54
3622,SOMASUNDRA PALYA LAKE,LAKE,KARNATAKA,25,25,413.05,2.8,6.9,6.6,7.6,216,1323,3.4,21,0.5,3.4,2300,140000,24000,920000,9.37,244.96
4534,SOMPURA LAKE,LAKE,KARNATAKA,25,25.1,136.2,4.2,7.2,7,7.7,239,532,2,6,0.6,2.1,2300,110000,24000,920000,7.7,90.815
4547,SWARANA KUNTE,LAKE,KARNATAKA,25,25,412,4.2,6.8,6.5,8.5,444,1320,3,9,0.5,3,2300,120000,24000,1600000,8.45,244.375
3610,TUBRAHALLI LAKE,LAKE,KARNATAKA,25,25,507.55,0.3,4.8,6.7,8.1,1109,1593,7,81,0.4,3,9400,13000,54000,160000,11.93,297.61
4533,ULLALU LAKE,LAKE,KARNATAKA,25,25,496.35,2,6.3,6.5,7.7,369,1561,3,15,0.58,25,3400,630000,24000,5400000,26.446,291.37
3593,ULSOOR LAKE TEMPLE,LAKE,KARNATAKA,25,25,142.85,1.8,7,6.6,8.8,254,551,3,42,0.3,2.01,4000,700000,24000,3500000,9.068,94.42
1388,"ULSOOR LAKE TRAINING CENTRE OF FISH BREEDING,",LAKE,KARNATAKA,25,25,149.5,2,6.8,6.8,8.5,253,570,3,38,0.67,2,2300,490000,24000,2400000,9.304,98.125
3608,VARTHUR LAKE,LAKE,KARNATAKA,25,26,421.45,0.3,4.8,6.5,7.7,798,1347,6,60,1,19,11000,1500000000,160000,1600000000,24.4,250.64
4527,WHITEFIELD KERE,LAKE,KARNATAKA,24,25,261.15,0.3,6.9,6.6,8.4,496,889,4,62,0.3,13.4,3300,150000,24000,1600000,19.18,160.33
3592,YEDIYUR LAKE,LAKE,KARNATAKA,25,25,66.9,4.1,7.1,6.5,8.2,201,334,3,18,0.6,2.4,4600,46000,24000,920000,8.54,52.105
3585,YENNEHOLE LAKE,LAKE,KARNATAKA,21,33,388.2,1,3.9,7,8.5,742,1252,1.4,14,2.5,7.5,1300,4900,7900,14000,14.7,239.115
3696,AIANAKERE TANK,TANK,KARNATAKA,23,32,643,3.1,7.2,8,8.3,654,1980,4,132,0.3,1.4,-,-,-,-,13.08,380.075
3629,ALLASANDRA TANK,TANK,KARNATAKA,25,25,378.05,4,6.4,6.5,8.4,421,1223,4,8.5,0.9,5,6300,11000000,54000,92000000,10.505,225.46
4541,ALUR KERE,TANK,KARNATAKA,25,25,187.3,4.2,6.9,6.5,7.3,89,678,3,16,0.3,2,3300,49000,35000,240000,7.76,119.185
3623,ANEKAL DODDAKERE TANK,TANK,KARNATAKA,25,25,1007,0.3,7.3,6.6,8,414,3020,2,69,0.72,11.1,3300,15000,24000,160000,18.194,575.875
3681,ANGOL MI TANK,TANK,KARNATAKA,21,33,154.4,0.3,8,6.6,9.5,293,584,3.7,57,0.32,5.46,1480,1840,3200,3200,12.602,108.855
3638,ANNAYAPPA TANK,TANK,KARNATAKA,25,25,122.55,4,7,6.5,8.1,173,493,3,8,0.3,1.53,4100,46000,24000,540000,6.984,83.11
3673,AVALI KERE,TANK,KARNATAKA,21,27,625.5,3,4.3,7.3,7.9,980,1930,3.8,6.4,0.7,1.3,130,930,1100,4900,7.2,365.325
3675,B KATIHALLI KERE,TANK,KARNATAKA,21,27,107.5,5.4,6.7,7.4,7.9,290,450,2,2.4,0.3,0.3,110,140,920,1200,5.72,76.725
3636,BANDEMATTA TANK,TANK,KARNATAKA,25,25,393.8,3,6.9,6.5,7.6,196,1268,5,18,0.4,3.23,6300,33000,54000,240000,8.964,234.235
3664,BASAVANAHALLIKERE TANK,TANK,KARNATAKA,25,25,125,5.9,5.9,7.7,7.7,500,500,2,2,0.3,0.3,330,330,2200,2200,5.7,84.475
3643,BEENNIGANAHALLI TANK,TANK,KARNATAKA,25,25,327.65,0.5,7,6.6,7.9,304,1079,3,24,0.73,2.7,3300,70000,24000,1600000,9.236,197.38
3619,BEGUR TANK,TANK,KARNATAKA,25,25,455.4,4.1,6.5,6.4,7.5,426,1444,3,10,0.7,8,2700,110000,24000,920000,12.74,268.555
3693,BHATHIKERE TANK,TANK,KARNATAKA,26,32,261.5,0.5,7.3,7.1,7.8,260,890,3,12,0.3,6.87,-,-,-,-,11.456,167.525
3651,BHEEMSANDRA TANK,TANK,KARNATAKA,25,25,604.5,1,6.2,6.7,7.4,740,1870,4,46,2,78,3300,110000,35000,920000,72.1,351.625
3637,BYRAMANGALA TANK,TANK,KARNATAKA,25,25,444.55,2.2,6.1,6.8,7.7,821,1413,4,27,0.81,6.1,3300,120000,24000,920000,12.202,262.51
3595,BYRASANDRA TANK,TANK,KARNATAKA,25,25.1,378.05,3.2,6.2,6.5,7.7,274,1223,3,14,0.94,4.3,4800,150000,35000,1600000,10.268,225.56
4532,CHANDAPURA LAKE,TANK,KARNATAKA,25,25,758.15,0.3,5,6.7,7.4,1099,2309,6,42,1,27,2300,460000,24000,3500000,29.9,437.23
3606,DASARAHALLI TANK,TANK,KARNATAKA,25,26,342,2.9,6.8,6.1,7.4,194,1120,2,14,0.51,2.5,3300,40000,13000,350000,8.312,206.375
3634,DEVARAKERE TANK,TANK,KARNATAKA,25,25,839,3,7.3,6.5,7.6,271,2540,3,17,0.3,6.6,4700,94000,35000,920000,11.49,482.275
3641,DHOREKERE TANK,TANK,KARNATAKA,25,25,350.75,0.3,6.3,6.5,7.4,237,1145,3.8,39,0.7,5.2,2300,120000,24000,920000,11.95,210.25
3653,DODDAKERE TANK,TANK,KARNATAKA,25,26,92.1,4.8,7.2,6.5,7.3,155,406,3,6,0.3,1,2300,15000,24000,160000,6.46,67.145
3604,DODDANAKUNDI TANK,TANK,KARNATAKA,25,25,905.5,3.3,6.1,6.5,7.8,574,2730,4,10,1.1,4.5,3300,49000,35000,240000,10.42,519.325
4526,DYAVASANDRA TANK,TANK,KARNATAKA,25,25,221.25,4,6.8,6.3,7.9,236,775,2,9,0.6,3,3300,14000,24000,160000,8.57,138.1
3666,GANIGARAHOSAHALLIKERE TANK,TANK,KARNATAKA,21,25,363,4.6,6,7.6,8.3,460,1180,2,3.2,0.3,0.4,140,320,1100,2100,5.84,217.075
3676,GAVENAHALLIKERE,TANK,KARNATAKA,20,28,114.5,5.6,7.3,7.4,7.9,330,470,2,2.2,0.3,0.3,92,220,920,1400,5.71,81.625
3671,HANUMANTHAPURAKATTE TANK,TANK,KARNATAKA,22,27,125,4.2,5.7,7.5,7.8,390,500,2.2,2.6,0.3,0.3,210,340,1700,2200,5.73,86.475
3683,HEREKERE TANK,TANK,KARNATAKA,24,26,261.15,4.5,5.5,7.4,7.9,739,889,9,24,1.22,1.67,63,175,279,561,9,161.33
3598,HEROHALLI TANK,TANK,KARNATAKA,25,25,498.1,0.3,6.3,6.2,7.4,321,1566,4,30,0.3,6.3,3400,46000,24000,350000,11.9,292.345
3597,HESARAGHATTA TANK,TANK,KARNATAKA,25,25,195.7,4.8,6.6,5.4,8.1,123,702,2,7,0.3,2.4,4600,6300000,35000,54000000,7.63,123.865
3559,HULLIGE TANK,TANK,KARNATAKA,24,29,469.75,6.9,7.5,7.4,8.4,312,1485,2.5,6,0.3,1.3,350,1400,1600,5400,6.7,280.55
3660,HUNASINA KERE TANK,TANK,KARNATAKA,21,27,135.5,5.3,7.1,7.3,7.8,440,530,2,2.6,0.3,0.3,170,700,1200,3500,5.73,92.325
3561,HUNDIKERE (KOPPAL) TANK,TANK,KARNATAKA,24,29,460.3,7,7.6,7.5,8.4,326,1458,3,6,0.3,0.3,350,1300,1600,5400,5.9,275.285
3670,INORKATTE KERE,TANK,KARNATAKA,23,24,104,4.6,6,7.3,7.8,320,440,2,2.2,0.3,0.32,200,330,1700,2200,5.726,71.775
3642,JIGANI TNAK,TANK,KARNATAKA,23,25,490.05,4.8,6.9,6.5,7.3,394,1543,2,20,1,4,2700,70000,24000,920000,10.4,287.86
3663,JOLADAKATTE TANK,TANK,KARNATAKA,21,27,177.5,4.2,5.8,7.7,8.1,390,650,2.1,3,0.3,0.3,210,470,1400,3500,5.75,115.725
3682,KAKATI POND,TANK,KARNATAKA,21,32,1286.65,4,9,8.4,10.3,1180,3819,1.1,16.2,0.4,6.53,920,1840,1600,3200,11.514,738.68
3607,KALKERE TANK,TANK,KARNATAKA,25,25,370.35,1.8,6.3,6.5,8.4,393,1201,4,25,0.4,5.3,3300,2800000,24000,16000000,10.97,221.17
4530,KAMMASANDRA TANK,TANK,KARNATAKA,25,25,697.25,0.3,4.1,6.7,7.3,1237,2135,9,101,1.8,16,2100,12000000,24000,92000000,25.01,403.3
3657,KANCHANAHALLI KOPPALU KERE,TANK,KARNATAKA,21,27,1455,2.4,5,7.3,8.1,990,4300,3.4,6.8,0.5,1.9,110,700,920,4700,7.46,827.475
3588,KARANJIKERE TANK,TANK,KARNATAKA,19,26,217.4,6,7.4,7.4,8.6,496,764,2.5,6,1.5,3.2,700,1100,4300,5800,9.66,136.955
3684,KELEGERE TANK,TANK,KARNATAKA,23,26,157.2,6.7,7.4,7.5,8.2,447,592,3.2,4.1,0.62,0.88,32,79,212,290,6.653,103.415
3639,KENGERI TANK,TANK,KARNATAKA,25,25,436.15,1.3,7.6,6.5,7.7,289,1389,3,40,0.59,6.3,3300,940000,24000,5400000,12.748,257.83
4511,KOGILU KERE,TANK,KARNATAKA,25,25,416.2,3.1,7.2,6.5,8.3,407,1332,3,13,0.4,4.4,3300,6300000,35000,160000000,9.65,246.715
3661,KOKKANAGHATTADODDAKERE TANK,TANK,KARNATAKA,22,27,965,3.6,6.9,7.7,8.8,500,2900,2.6,7.2,0.3,1.3,140,400,1100,2800,6.76,554.475
3695,KONDAGGIKERE TANK,TANK,KARNATAKA,26,28,79.5,5.8,7.4,7.6,8.2,220,370,2.2,6.5,0.3,0.3,-,-,-,-,5.925,62.125
3662,KOUSHIKA KERE,TANK,KARNATAKA,21,27,139,5.7,7.3,7.3,7.8,450,540,1.8,2.3,0.3,0.3,93,220,920,1400,5.715,94.275
3692,KUNDUVADAKERE TANK,TANK,KARNATAKA,27,27,65.5,6.9,6.9,8,8,330,330,2.3,2.3,1.1,1.1,-,-,-,-,7.315,53.325
3590,LALBAGH TANK,TANK,KARNATAKA,25,25,128.15,2.6,6.9,6.6,8.1,397,509,3,28,0.61,3,3100,49000,24000,540000,9.532,86.23
3665,LINGAPPANAKATTE TANK,TANK,KARNATAKA,21,27,167,5,7,7.5,7.9,370,620,2,3,0.3,0.3,94,270,920,1700,5.75,109.875
3599,MADAVARA TANK,TANK,KARNATAKA,25,25,384,3.4,6.6,6.2,7.6,213,1240,2,13,0.56,3.8,2300,460000,24000,3500000,9.362,228.775
4503,MADHURE TANK,TANK,KARNATAKA,25,25,89.3,3.4,6.3,6.5,6.8,64,398,3,18,0.3,2.1,4900,11000000,24000,92000000,7.94,64.585
3589,MADIWALA TANK,TANK,KARNATAKA,25,25,440.7,4.2,7.1,6.7,8.4,286,1402,3,10,1.03,4.3,2300,170000,24000,1600000,10.176,260.365
3659,MAKANA KERE,TANK,KARNATAKA,21,27,440,1.9,3,7.3,8,740,1400,3.8,5.8,0.7,1.2,930,2600,7000,13000,7.09,261.975
3635,MALATHAHALLI TANK,TANK,KARNATAKA,25,25,614.3,0.3,5.8,6.3,7.6,375,1898,4,38,1.6,7.8,4900,1100000,24000,9200000,15.06,357.085
4092,"MANCHALAPUR TANK, MANCHALAPUR, RAICHUR TQ & DIST",TANK,KARNATAKA,26,29,784.75,6.5,7.2,7.8,8.8,922,2385,6,18,0.3,2.27,7900,54000,35000,160000,8.076,456.05
4501,MANCHANABALE DAM,TANK,KARNATAKA,25,25,335,3.3,7,6.6,8.3,643,1100,4,10,0.3,14.04,3300,33000,24000,350000,17.092,201.475
4512,MANCHANABALE DAM,TANK,KARNATAKA,25,25,556.55,0.3,6.5,6.5,7.4,183,1733,8,174,0.8,45,4600,63000,35000,540000,50.66,324.91
3697,MATTADAKERE TANK,TANK,KARNATAKA,24,29.5,272,4.2,8.4,7.2,8.4,770,920,5,34,0.3,3,-,-,-,-,9.46,170.875
3560,MAVENAKERE TANK,TANK,KARNATAKA,26,29,704.6,6.5,7.2,7.5,9.3,962,2156,7,30,0.3,0.36,14000,54000,54000,160000,7.148,411.395
3650,MELEKOTE TANK,TANK,KARNATAKA,25,25,438.95,1.1,6.4,6.6,8,704,1397,3,53,1,6.3,4600,110000,35000,920000,13.89,259.39
3648,MYDALA TANK,TANK,KARNATAKA,25,25,159.65,4.8,7.3,6.5,7.2,151,599,3,4,0.52,2,630,17000,5400,160000,7.424,103.78
3626,NAGAVARA TANK,TANK,KARNATAKA,25,25,220.55,1,7.1,6.5,8,308,773,3,35,0.5,3,4000,79000000,24000,540000000,9.75,137.71
3596,NAYANDANAHALLI TANK,TANK,KARNATAKA,25,25.1,380.85,0.3,6,6.1,8,211,1231,3.6,195,0.5,2.99,3300,700000,24000,3500000,17.742,227.12
3686,NIRASAGARAKERE TANK,TANK,KARNATAKA,24,25,103.3,7.3,7.6,7.5,8.2,326,438,1,2.5,0.32,0.92,2,14,10,32,6.245,72.385
3687,NUGGIKERE TANK,TANK,KARNATAKA,23,25,247.5,6.5,6.9,7.3,8.1,620,850,3.2,3.8,0.72,1.92,19,52,76,148,7.59,152.725
3669,PEREMINAHALLI KERE,TANK,KARNATAKA,22,27,132,5.2,6.4,7.4,7.8,380,520,1.8,2.5,0.3,0.3,94,400,920,3300,5.725,90.375
3565,PILIKULA TANK,TANK,KARNATAKA,28,30,28.4,4.9,7.9,6.5,7.2,128,224,2,3,2.1,7,23,1600,23,1600,13.27,35.655
4502,RAMAMMANA KERE,TANK,KARNATAKA,25,25,427.75,2.8,6.9,7.2,8.4,896,1365,5,20,2,4,1200,94000,35000,1600000,11.6,253.15
4513,RAMAMMANA KERE,TANK,KARNATAKA,25,25,428.1,1.6,6.5,6.2,7.2,230,1366,2,47,0.56,3.51,3300,150000,24000,1600000,10.83,253.345
4531,RAYASANDRA LAKE,TANK,KARNATAKA,25,25,497.05,0.3,5.8,6.7,7.9,1035,1563,5,20,1.15,24,7900,94000,54000,540000,26.58,291.76
4498,"SANAVALLI DAM, MUNGOD",TANK,KARNATAKA,23,28,37.85,7.1,7.4,6.8,7.3,163,251,2.2,2.7,0.3,0.79,2,8,19,31,6.127,38.92
3672,SANKALAPURAKERE TANK,TANK,KARNATAKA,22,27,195,4.1,6.4,7.4,7.9,450,700,2,2.6,0.3,0.3,170,460,1100,3500,5.73,125.475
3594,SANKEY TANK,TANK,KARNATAKA,25,25,235.25,4.9,6.8,6.5,7.6,267,815,3,8,0.56,3,490,3300000,2400,24000000,8.472,145.9
3667,SATHENAHALLIDODDAKERE TANK,TANK,KARNATAKA,22,28,398,4.5,6.2,7.6,8.1,780,1280,3,4,0.5,1.5,220,610,1600,4000,7,239.575
3674,SATHYAMANGALA KERE,TANK,KARNATAKA,22,28,114.5,5.4,6.5,7.5,7.9,370,470,1.8,2.4,0.3,0.3,140,340,1100,2400,5.72,81.625
3694,SHANTHISAGARKERE TANK,TANK,KARNATAKA,25,28,65.5,6,7.3,7.7,8.3,104,330,2,3,0.3,0.47,-,-,-,-,5.886,54.325
3677,SHARANABASAVESHWARA KERE,TANK,KARNATAKA,26,30,534.5,6,8.2,7.5,8.4,1035,1670,3,6,0.3,1.8,630,1400,2200,5400,7.1,317.625
3600,SHIVAPURA TANK,TANK,KARNATAKA,25,25,1388.5,0.3,5.8,6.5,7.6,762,4110,5,83,2,9.19,4000,9400000,35000,54000000,18.902,788.425
3689,SOMESHWARAKERE TANK,TANK,KARNATAKA,23,25,419,5.8,6.8,7.1,7.9,732,1340,3.3,4.5,1.02,1.32,13,58,70,196,7.505,248.275
3668,SOUDRALLI KERE,TANK,KARNATAKA,21,27,352.5,4.3,5.9,7.3,7.8,690,1150,2.9,3.8,0.3,0.9,340,490,2200,3500,6.27,213.225
3633,SUBRAMANYAPURA TANK,TANK,KARNATAKA,25,25,651.75,0.3,4.8,6.5,7.6,969,2005,5,50,0.8,11.5,4600,940000,35000,5400000,17.66,377.95
3688,SUDANAKERE TANK,TANK,KARNATAKA,23,26,226.5,6.9,7.3,7.7,8.2,581,790,3.4,3.9,0.52,0.79,41,136,221,394,6.451,142.025
3690,UNAKALKERE TANK,TANK,KARNATAKA,25,26,302.8,6.9,7.3,7.7,8.3,876,1008,3.3,3.9,1.02,1.12,21,63,120,185,7.315,184.535
3640,UTTARAHALLI DORAIKERE,TANK,KARNATAKA,25,25,107.5,0.3,7.1,6.7,9.3,192,450,4,48,0.52,2.08,2700,94000,24000,540000,9.688,74.725
3632,VEERAPURA TANK,TANK,KARNATAKA,25,25,2001,0.3,6.5,6.5,8.1,309,5860,3,124,0.8,9,4600,94000,24000,540000,19.36,1129.675
3603,VENGAIHNAKERE,TANK,KARNATAKA,24,25,415.5,1.9,6.2,6.5,7.2,667,1330,2,81,0.8,12,2300,110000,24000,920000,19.61,246.325
3691,VIMANABHUTHIKERE TANK,TANK,KARNATAKA,25,32,51.5,6.2,7.7,7.2,8.3,92,290,2,2.2,0.3,0.5,-,-,-,-,5.87,50.525
3630,YELAHANKA TANK,TANK,KARNATAKA,25,25,342,4,6.9,6.5,8.5,512,1120,4,14,1.2,3.7,140,94000,24000,1600000,10.1,205.375
3605,YELLAMALLAPPA TANK,TANK,KARNATAKA,25,25,576.85,3.1,5.6,6.6,7.6,887,1791,5,14,0.7,8.12,3300,170000,24000,920000,13.036,336.22
1579,"ALAPPUZHA, KERALA",LAKE,KERALA,29,30,358.8,5.4,7.8,6.9,7.5,148,1168,1,4,0.3,0.8,2,1400,2,2200,6.2,219.735
1441,"ASHTHAMUDI LAKE AT QUILON, KERALA",LAKE,KERALA,22,24,6393.5,5.1,6.1,6.3,7.4,15000,18410,1,3.5,0.3,2.7,100,150,350,610,7.695,3575.925
1578,"KAYAMKULAM, KERALA",LAKE,KERALA,29,30,2627.85,3.1,5.6,6.9,8,1285,7651,1.4,5.9,0.3,0.3,200,1700,400,3500,5.895,1483.92
1577,"KODUNGALLOOR, KERALA",LAKE,KERALA,26,31,11682,5.7,8,6.5,8.7,100,33520,1,2.4,0.3,2.4,100,2000,630,6300,7.4,6529.375
2312,LAKE VEMBANAD AT PATHIRAMANAL (ALAPPUZHA),LAKE,KERALA,28,29,409.9,6.1,7.9,6.6,7.4,131,1314,1,3.8,0.3,0.3,2,1400,2,4100,5.79,247.205
1383,"ORUVATHILKOTTA LAKE, KERALA",LAKE,KERALA,26,27,34,1.6,3.2,6.4,7.8,173,240,1,7.2,0.3,0.3,920,1700,2100,3100,5.96,35.775
1574,"PARAVUR, KERALA",LAKE,KERALA,20,23,5595.5,5.1,6.9,6.2,7.6,12140,16130,1,2.3,0.3,1.8,94,140,380,490,6.915,3130.325
2318,PAZHASSI RESERVOIR (KANNUR),LAKE,KERALA,24,30,24.45,6.7,8,6.6,7.8,47,73,1,1.2,0.3,0.3,20,80,100,620,5.66,6.21
1576,"PERIYAR LAKE AT THEKKADY, KERALA",LAKE,KERALA,24,26,34.6,6.5,7.8,6.7,7.6,36,44,1,1,0.3,0.3,2,2,2,100,5.65,-3.445
1580,"POOKOTE, KERALA",LAKE,KERALA,25,29,39.85,6.9,8.2,6.5,7,24,29,1,1.5,0.3,0.3,2,27,14,79,5.675,-3.37
2329,RSVR AT BHOOTHATHANKETU,LAKE,KERALA,24,29,30.4,6.9,8.2,6.2,8.1,23,56,1,1.3,0.3,0.7,47,3500,84,5400,5.985,1.895
2330,RSVR AT EDAMALAYAR,LAKE,KERALA,25,29,33.2,6.9,8.2,6.4,7.7,21,48,1,1,0.3,0.3,2,120,12,400,5.65,0.335
2328,RSVR AT MALAMPUZHA,LAKE,KERALA,22,31,1.7,6.1,7.8,6.8,7.8,77,138,1,3.4,0.3,3.6,2,700,100,1200,8.41,19.885
1385,"SASTHAMCOTTA LAKE, KERALA",LAKE,KERALA,21,25,14.75,6.5,7.5,6.4,7.8,162,185,1,2,0.3,0.7,70,110,240,410,6.02,23.05
3470,"VELLAYANI LAKE AT VANDITHADOM, THIRUVANANTHAPURAM",LAKE,KERALA,26,27,7.75,5.2,7.1,5.7,6.9,105,165,1.7,3.8,0.3,0.3,200,700,700,1700,5.79,21.15
1575,"VEMBANAD LAKE,KOCHI (OIL TANKER JETTY), KERALA",LAKE,KERALA,27,31,14783,3.4,7.8,6.3,7.9,200,42380,1,3.6,0.3,2.7,630,32000,1500,200000,7.7,8257.075
3462,MANANCHIRA POND AT KOZHEKODE,POND,KERALA,23,32,16.5,6.5,8.2,6.7,8,43,190,1,2.1,0.3,0.72,20,810,40,1300,6.041,31.025
2325,"POND AT (PADMANABHA) SREE
PADMANABHA SWAMY TEMPLE (TVPM)",POND,KERALA,26,27,48.7,2.5,6.7,7,7.9,248,282,3.7,7.8,0.3,0.3,1000,2200,3100,7000,5.99,43.965
4557,POND C/O MOHIDHEEN PALLI,POND,LAKSHADWEEP,27.9,31.3,130.25,-,-,7.1,9.2,229,515,-,-,0.32,0.32,2,2,2,2,0,93.7
1401,POND NEAR JUMA MASJID,POND,LAKSHADWEEP,28,30,265,9,9,7.1,9.5,300,900,1,1,0.32,0.32,5,5,1600,1600,5.69,167.475
4568,POND NEAR KULAPPINAKKAL,POND,LAKSHADWEEP,28.1,31.1,238.4,-,-,6.4,7.6,658,824,-,-,-,-,-,-,-,-,0,153.755
2132,BILAWALI TALAB AT INDORE,LAKE,"MADHYA
PRADESH",19,24.3,129.2,6.8,7.9,7.4,8.8,326,512,1,2,0.54,4.42,2,2,43,63,9.284,86.115
3296,CHORAL DAM NEAR INDORE,LAKE,"MADHYA
PRADESH",20,24,150.55,7,7.8,7.1,8.4,325,573,1,1.3,0.02,1.01,2,2,40,58,5.897,97.71
4615,GANGA SAGAR JABALPUR,LAKE,"MADHYA
PRADESH",17,28.2,217.4,5.8,7.3,7.1,8.2,280,764,2.7,6,0.3,0.77,2,110,43,920,6.276,139.155
2135,GOVINDGARH LAKE,LAKE,"MADHYA
PRADESH",19.2,32.9,50.8,6.7,7.9,7,8.1,204,288,1,1.6,0.35,1.18,2,2,33,47,6.444,51.035
2141,JANUNIA TALAB NEAR W/S,LAKE,"MADHYA
PRADESH",20,32,133.4,6,8.6,6.8,8.1,215,524,1.4,8.4,0.33,9.17,2,180,49,24000,13.152,96.155
2142,"KALISINDH RESERVOIR AT SARANGPUR,
RAJGARH",LAKE,"MADHYA
PRADESH",20,24,121.5,7,7.9,7.2,7.9,250,490,1.4,2.4,0.3,0.5,2,2,24,34,5.88,81.525
3845,"KANHARGAON STOP DAM WATER
SUPPLY INTAKE OF CHHINDWARA TOWN",LAKE,"MADHYA
PRADESH",17,30,199.55,7.1,7.9,7.1,8.9,511,713,1,1.8,2.2,3,3,4,14,43,10.13,131.01
2140,"KERWA DAM NEAR REST HOUSE, BPL",LAKE,"MADHYA
PRADESH",19,30,97.7,5.2,10.4,7.1,8.3,183,422,1,1.4,1.88,6.66,2,180,110,35000,12.654,74.265
2128,"KHANDARI RESERVOIR WATER OFF TAKE
POINT",LAKE,"MADHYA
PRADESH",16.6,27,93.85,7.1,8.3,7.2,8.1,238,411,1,1.9,0.13,0.4,2,4,8,48,5.571,69.12
4622,"KOPTAL LAKE AT WATER SUPPLY INTAKE
POINT CHHATARPUR",LAKE,"MADHYA
PRADESH",22,30,195.7,4.3,7.1,7.2,8.5,243,702,1,2.9,0.05,0.47,2,2,4,38,5.581,128.865
1374,LOWER LAKE AT BHOPAL OUTLET M.P.,LAKE,MADHYA PRADESH,19,33,128.15,4.7,8.3,7.2,8,226,509,1.2,8,3.8,15.23,2,920,150,120000,22.144,94.23
2130,"MADHAV LAKE, SHIVPURI",LAKE,MADHYA PRADESH,20,27,230,5.2,7.8,7.6,8.1,278,800,1.7,3.2,0.6,0.98,2,8,32,110,6.664,144.975
1466,"MULTAI TANK LAKE AT VILLA. KHARI ON BETUL-AMRAVATI ROAD M.P(.TAPTI NEAR AMARAWATI, ROAD BRIDGE AT
VILLAGE KHEDA)",LAKE,MADHYA PRADESH,17,32,234.55,7,8,7.3,8.2,611,813,1.2,1.8,2.2,2.9,3,7,15,75,10.05,152.51
2134,NAGCHUN TALAB AT KHANDWA,LAKE,"MADHYA
PRADESH",19,23.8,79.85,6.2,7.7,6.1,8.5,260,371,1,1.8,0.62,4.08,2,2,36,63,9.098,58.12
2136,"SHAHPURA LAKE AT WEIR NEAR
AYUSHMAN HOSPITAL, BHOPAL",LAKE,"MADHYA
PRADESH",20,33,208.3,2,10.2,6.8,8.6,445,738,4.8,12,3.35,21.39,14,2100,280,220000,26.732,138.885
2133,SIRPUR TALAB AT INDORE,LAKE,"MADHYA
PRADESH",20,23,228.6,6.7,7.8,7.4,8.2,344,796,1,1.4,0.68,1.22,2,2,34,63,6.862,140.195
4614,SUPTAL JABALPUR,LAKE,"MADHYA
PRADESH",17,27.7,191.5,6,7.7,7.1,7.8,368,690,2.6,5,0.3,0.6,2,350,46,1600,6.09,124.225
2139,UPPER LAKE AT BAIRAGARH CLUB,LAKE,MADHYA PRADESH,19,32,49.75,4.1,8,7.4,8.1,211,285,1,1.7,2.22,5.03,2,3500,240,92000,11.773,49.55
1373,"UPPER LAKE AT BHOPAL (INTAKE POINT), M.P.",LAKE,MADHYA PRADESH,19,32,56.75,5,8.1,7.2,7.7,208,305,1.1,4.2,2.43,3.9,2,4700,150,43000,11.246,53.45
2138,UPPER LAKE AT KARBALA CLUB,LAKE,MADHYA PRADESH,20,32,39.6,5,8.6,7.3,8.1,205,256,1.2,4,2.25,5.01,2,2600,110,92000,11.908,43.895
2137,UPPER LAKE AT YATCH CLUB,LAKE,MADHYA PRADESH,20,31,50.8,4.7,8.6,7.3,8.2,210,288,1.1,3.6,2.03,4.75,2,3500,140,54000,11.416,49.135
2131,YASHWANT SAGAR AT INDORE,LAKE,MADHYA PRADESH,20,24,210.05,6.6,7.9,7.6,8.5,493,743,1,2.2,0.65,1.12,2,2,40,70,6.786,130.86
3850,BAGDOON TALAB PITHAMPUR SANJAY JALASHAY PITHAMPUR,POND,MADHYA PRADESH,20,24,98.4,6.9,7.8,7.4,8.4,327,424,1,1.3,0.54,1.92,2,2,33,403,7.249,68.655
3831,"DAL SAGAR TALAB, DIST SEONI",POND,MADHYA PRADESH,16,30.3,164.2,6,7.6,7.3,7.9,220,612,1.8,4.4,0.3,2.3,2,120,17,1600,7.42,111.615
3830,"GOKALPUR TALAB, DIST JABALPUR",POND,MADHYA PRADESH,17.3,27.6,184.85,5.7,7.6,7.3,8.7,180,671,2.4,8,0.3,0.73,2,150,14,1600,6.344,120.42
3299,HANUMANTAL JABALPUR,POND,"MADHYA
PRADESH",17,27.9,172.6,5.3,7.6,7.2,7.9,260,636,2.3,4,0.3,0.73,2,70,41,1600,6.144,113.895
3297,"MITHA TALAB, DEWAS",POND,MADHYA PRADESH,22,29,104,6.8,7.9,7.2,8.5,339,440,1.6,2.9,0.32,1,2,6,47,110,6.329,76.775
3301,MOTI TALAB AT BALAGHAT,POND,MADHYA PRADESH,16.2,31,190.45,6.2,7.8,7.2,7.9,262,687,1.1,5.2,0.21,0.3,2,110,17,920,5.752,126.94
3302,"PIPLIYA PALA TALAB, INDORE",POND,MADHYA PRADESH,19,24,167.35,6.5,7.6,7.4,8.7,440,621,1.2,2.2,0.81,3.09,2,2,63,140,8.554,107.07
3298,POND WATER AT LAKODA,POND,"MADHYA
PRADESH",11.4,25,157.2,6.8,7.5,7.2,7.9,210,592,1.7,2.1,0.61,1.02,2,4,48,49,6.653,102.415
3303,"RANI TALAB, REWA",POND,"MADHYA
PRADESH",19,30,95.25,5.8,7.5,7.5,8.5,288,415,1,1.9,0.48,0.9,2,2,33,48,6.391,72.9
3300,"RANITAL TALAB, JABALPUR",POND,"MADHYA
PRADESH",17,26,223,5.2,8.3,7.2,8.2,265,780,2.8,8,0.12,4.6,2,280,63,1600,9.224,140.075
3304,"RIHAND RESRVOIR, SINGRAULI",POND,"MADHYA
PRADESH",15,36,135.5,6.5,7.6,7.1,7.5,203,530,1.4,1.8,0.32,3.17,-,-,-,-,8.01,101.325
3849,SITAPAT TALAB DHAR,POND,"MADHYA
PRADESH",20,23,135.15,0.3,7.8,"7.54
4",8.2,5,529,1,1.2,0.61,1,2,2,33,49,6.592,88.13
2129,"PERIAT TANK NEAR WSS INTAKE POINT
JABALPUR",TANK,"MADHYA
PRADESH",16.6,27.4,75.3,7,7.9,7.2,7.9,210,358,1,1.8,0.21,0.4,2,4,7,46,5.662,59.185
1426,LOKTAK LAKE AT BISHNUPUR,LAKE,MANIPUR,18,28,21.75,6.6,7.6,6.4,7.5,180,205,2.7,3.5,-,-,25,65,70,120,0,29.95
1630,LOKTAK LAKE AT KARANG ISLAND,LAKE,MANIPUR,19,28,34,6.8,7.3,6.9,7.5,150,240,3,3.7,-,-,10,20,15,60,0,36.775
1629,LOKTAK LAKE AT SENDRA,LAKE,MANIPUR,19,28,23.5,6.5,7.6,6.8,7.5,130,210,2.9,3.6,-,-,10,75,60,105,0,30.925
1425,LOKTAK LAKE AT THANA,LAKE,MANIPUR,18.7,28,25.25,6.8,7.4,6.9,7.7,150,215,3.1,3.6,-,-,10,45,50,95,0,31.9
2837,PUMLEN LAKE AT TOKPACHING,LAKE,MANIPUR,20,28,50.1,6.9,7.6,7,7.4,130,286,3.2,3.6,-,-,5,25,30,60,0,45.745
2849,CHANAM PUKHURI,POND,MANIPUR,19,28,100.5,5.8,6.9,7,7.6,110,430,3.3,3.9,0.3,0.3,30,60,75,175,5.795,73.825
2841,HIRANMEI PUKHURI AT THOUBAL,POND,MANIPUR,20,28,107.5,6.2,7.5,7,7.5,80,450,3.2,3.9,-,-,35,70,70,120,0,77.725
2840,LAMJAO PUKHURI AT ACHOUBA,POND,MANIPUR,21,28,72.5,6.7,7.4,7.2,7.5,80,350,3.1,3.6,-,-,2,20,25,50,0,58.225
2842,LANGMEIDONG PUKHURI AT THOUBAL,POND,MANIPUR,21,28,55,6.5,7.5,7.1,7.5,90,300,3.2,3.7,-,-,2,40,35,70,0,48.475
2844,LILONG PUKHURI,POND,MANIPUR,18,27,69,6.5,7.4,7.2,7.6,90,340,3,3.7,-,-,5,15,20,65,0,55.275
2850,NINGTHEM PUKHURI,POND,MANIPUR,21,28,72.5,5.4,6.8,6.9,7.7,150,350,3.3,4.4,-,-,40,70,105,185,0,58.225
2848,POND AT KAKWA BAZAR,POND,MANIPUR,21,28,181,5.5,7.1,7,7.7,150,660,3.4,4.1,-,-,35,65,85,170,0,118.675
2851,POND AT KONGBA BAZAR,POND,MANIPUR,21,28,163.5,5.3,7,6.9,7.6,280,610,3.4,4.6,-,-,60,95,215,310,0,108.925
2843,POND AT LALAMBUNG,POND,MANIPUR,20,27,62,6.4,7.1,6.8,7.4,90,320,3.2,3.7,-,-,20,40,50,110,0,51.375
2847,POND AT MAIBAM LOKPACHING,POND,MANIPUR,20,28,30.5,6,7.8,6.9,7.5,120,230,3,3.9,-,-,10,50,35,160,0,34.825
2846,POND AT MOIDANGPOK,POND,MANIPUR,20,28,11.25,6.2,7.8,7,7.6,80,175,2.9,3.6,-,-,2,15,15,50,0,24.1
2845,POND AT NGAIRANGBAM,POND,MANIPUR,21,27,16.5,6.6,7.8,7.3,7.6,80,190,2.8,3.7,-,-,10,62,20,75,0,26.025
2839,PUKHRI AT LANGMEIDONG,POND,MANIPUR,21,28,72.5,6.7,7.7,7.1,7.6,80,350,3.2,3.6,-,-,10,30,30,95,0,58.225
3349,"TASEK LAKE AT SONGSAK (NAPHAK),",LAKE,MEGHALAYA,17.1,29,22.7,6.5,7,6.9,7.3,61,78,1.5,2.2,0.42,0.56,110,170,450,540,6.062,6.185
1459,"THADLASKEIN LAKE, JOWAI",LAKE,MEGHALAYA,12,21,25.5,6.8,7.6,6.9,7.3,37,70,1.4,1.9,0.32,0.52,10,17,130,170,5.895,-3.375
1347,UMIAM LAKE AT BARAPANI,LAKE,MEGHALAYA,15,23.1,9.95,5.7,6.8,7,7.8,74,117,5.2,7.8,0.32,1.12,380,420,1100,1700,6.67,7.89
3347,UMIAM LAKE AT MIDDLE POINT,LAKE,MEGHALAYA,15,23,13.25,5.5,6.8,7.1,7.8,73,105,4.8,7.5,0.35,1.02,310,410,830,1300,6.611,5.45
3346,"UMIAM LAKE AT OUTFALL OF UMIAM
INTO LAKE",LAKE,MEGHALAYA,14,23.1,37.5,4.5,5.9,7.2,7.9,77,250,6,9,0.32,1.22,350,520,920,2100,6.81,33.825
3348,"UMIAM LAKE ATNEAR UNITED
CHRISTIAN COLLEGE",LAKE,MEGHALAYA,15,23.2,4.5,5.6,6.6,6.8,7.8,69,130,5.3,7,0.32,0.66,340,460,940,1700,6.262,10.525
1348,WARD'S LAKE AT SHILLONG,LAKE,MEGHALAYA,14,26,0.75,6,7.8,7,7.8,110,145,2.1,3.6,0.32,0.79,70,120,350,490,6.196,16.25
3723,"TAMDIL LAKE, SAITUAL",LAKE,MIZORAM,13,22,49.05,6.7,12.7,6.4,7.6,58,283,1,2.2,0.02,0.03,-,-,-,-,5.158,39.16
3722,LAWBUAI FISHPOND,POND,MIZORAM,16,29,97.7,4.1,9.5,6.6,7.8,234,422,1.2,3.2,0.03,0.12,-,-,-,-,5.292,73.265
3755,"POND NEAR THERMAL POWER PLANT, BAIRABI",POND,MIZORAM,20,30,71.45,5,8.9,7.1,7.7,195,347,1.2,2.9,0.02,0.06,-,-,-,-,5.217,59.64
3743,"PHE RESERVOIR, HELIPAD, NEW SAIHA",TANK,MIZORAM,17,22,82.65,6.8,9.2,6.7,7.8,34,379,1,2.6,0.02,0.03,-,-,-,-,5.178,57.88
2887,"BANGLA FISHERY, DIMAPUR",LAKE,NAGALAND,19,34.3,142.5,3.2,6.2,6.5,8,88,550,1.5,2.6,0.3,1.7,-,-,-,-,6.85,103.525
2886,"PUDUMPUKHURI, DIMAPUR",LAKE,NAGALAND,19,41,37.5,1.4,6.8,2,7.8,72,250,1.3,2.8,0.6,1.6,-,-,-,-,7.14,51.725
3956,ANSHUPA AT BISHNUPUR,LAKE,ODISHA,19,35,14.4,5.2,7.5,6.6,8,111,184,1.2,2.6,0.32,0.62,700,4900,2400,17000,6.01,32.855
3957,ANSHUPA AT SARANDAGARH,LAKE,ODISHA,20,33,28.05,4,7.7,6.5,8.2,96,223,1.1,2.2,0.32,1.15,130,2300,790,9200,6.414,38.46
3955,ANSHUPA AT SUBARANAPUR,LAKE,ODISHA,20,34,13.35,6.2,7.8,6.5,8.5,102,181,1.1,1.9,0.32,1.02,130,3500,490,16000,6.295,31.27
2438,ANSHUPA LAKE KADALIBARI,LAKE,ODISHA,20,32,40.65,5.8,7.8,6.9,8.4,117,259,1.1,2.3,0.32,1.22,220,1700,1300,4700,6.475,44.48
3953,CHILKA AT RAMBHA,LAKE,ODISHA,14,32,14132,5.6,11,6.9,8.5,106,40520,1.3,2.7,0.32,1.66,2,2300,2,4900,6.847,7895.375
2437,"CHILKA LAKE AT SATAPADA (RAMSAR
SITE)",LAKE,ODISHA,20,32,14923,5.8,9.6,6.9,8.4,2930,42780,1.2,1.9,0.35,1.59,2,1700,20,3500,6.787,8336.075
3954,TAMPADA LAKE AT CHHATRAPUR,LAKE,ODISHA,13,30,280.75,3,11.5,7.9,8.5,147,945,1.9,6,0.32,2.12,110,1700,460,3500,7.38,176.25
2431,"BINDUSAGAR ( RELIGIOUS POND OF BHUBANESWAR CITY) (NORTH) (LINGRAJ
TEMPLE)",POND,ODISHA,22,33,97,4.1,9.1,6.5,8,236,420,1.1,2.8,0.32,1.52,2,24000,170,54000,6.74,76.875
2434,INDRADYUMNA TANK ( RILIGIOUS POND OF PURI CITY),POND,ODISHA,25,34,146.35,2,11.9,7.6,9.4,283,561,3.8,5.7,0.32,1.72,20,35000,45,54000,7.045,105.37
3962,JAGANNATH SAGAR POND OF JEYPORE,POND,ODISHA,12,29,90.7,5.7,6.4,7.1,7.6,216,402,1.4,2.7,0.32,1.84,140,160000,490,160000,6.991,69.365
2433,"MARKANDA POKHARI ( RILIGIOUS POND
OF PURI CITY)",POND,ODISHA,25,34,190.8,3.2,12.5,7.4,9.4,380,688,3.4,8.3,0.35,8.62,45,13000,45,24000,12.731,130.135
2432,"NARENDRA POKHARI ( RILIGIOUS POND
OF PURI CITY)",POND,ODISHA,25,34,286.35,4.2,15.7,7.7,9.5,356,961,3.6,8.2,0.32,2.92,130,1300,490,9200,8.13,183.37
2436,"PARVATI SAGAR ( RILIGIOUS POND OF
PURI CITY)",POND,ODISHA,25,35,159.65,2.1,11.1,6.9,9.3,332,599,3.3,12,0.32,3.46,45,2400,130,5400,8.752,113.78
3963,RANIGUDA POND,POND,ODISHA,22,26,416.9,2.8,12.6,7.3,8.4,392,1334,3.4,9.5,0.32,11.52,130,1300,490,2800,15.075,248.105
2435,SWETAGANGA ( RILIGIOUS POND OF PURI CITY),POND,ODISHA,23,35,210.75,3.3,15.6,7.5,9.3,298,745,3.6,8,0.32,13.34,45,2400,170,4300,16.456,142.25
1686,BAHOUR LAKE,LAKE,PUDUCHERRY,28,33,81.25,5.2,5.6,7.1,7.5,198,375,1,2.5,0.32,1.22,2,23,350,1600,6.485,68.1
4634,KANAGAN LAKE,LAKE,PUDUCHERRY,29,33,538.7,6.7,14.1,7.6,9.1,570,1682,2.8,30,0.32,4.3,110,500,900,1600,10.324,322.965
1396,OUSTERI LAKE,LAKE,PUDUCHERRY,28,32,49.05,5.1,9.3,6.3,8,197,283,1,2.3,0.32,0.82,2,110,2,1600,6.155,49.16
1297,"HARIKE LAKE AT HARIKE VILLAGE,
PUNJAB",LAKE,PUNJAB,15,29,53.25,6.7,9,7.6,8.1,207,295,1,2.7,0.6,2.9,320,1300,910,3300,8.175,48.5
1382,"HARIKE LAKE D/S FROM CANAL, PUNJAB",LAKE,PUNJAB,15,29,69,5.9,9.4,7.5,8.1,188,340,1,3.8,0.6,5.6,110,1700,490,4100,10.39,57.275
2912,"RANJIT SAGAR RESERVOIR, PUNJAB",LAKE,PUNJAB,7,37,31.9,7,8.2,7.5,8.3,135,234,1,1,0.3,0.7,20,40,79,140,5.97,44.605
1481,"FATEH SAGAR LAKE AT UDAIPUR INTAKE POINT OF PHED, RAJASTHAN",LAKE,RAJASTHAN,23,28,253.45,5.9,7.3,7.8,8.7,590,867,1.9,2.8,1.84,6.42,39,93,75,210,12.484,159.04
2940,"GAPE- SAGAR LAKE, DUNGARPUR, RAJASTHAN",LAKE,RAJASTHAN,24,29,3839.55,4.4,5.2,7.9,8.9,730,11113,1.8,4.1,3.09,8.22,150,460,460,1100,15.489,2158.01
4178,"GOVERDHAN SAGAR, UDAIPUR",LAKE,RAJASTHAN,20,28,399.05,4.9,5.8,7.6,8.5,480,1283,1.1,3.3,1.84,6.22,240,460,460,1100,12.349,240.16
2936,"JAISAMAND LAKE, ALWAR, RAJASTHAN",LAKE,RAJASTHAN,29,29,47.65,4,4.4,7.2,7.2,110,279,1,1.4,0.74,1.26,23,93,64,150,6.966,45.38
2941,"JAISAMAND LAKE, SALUMBER, UDAIPUR, POINT NO. 1, RAJASTHAN",LAKE,RAJASTHAN,23,28,221.95,7.1,7.8,8.3,9,530,777,1.2,2.1,1.66,3.54,23,75,75,150,9.929,141.49
2942,"JAISAMAND LAKE, SALUMBER, UDAIPUR, POINT NO. 2, RAJASTHAN",LAKE,RAJASTHAN,24,28,182.75,7.2,7.8,8.4,8.9,520,665,1.3,2.4,1.42,3.37,39,75,64,150,9.52,119.65
2944,"JALMAHAL, JAIPUR, RAJASTHAN",LAKE,RAJASTHAN,18,30,884.5,0.5,4.4,8.5,9.2,1210,2670,3.2,5.9,2.5,10.32,93,460,210,1100,16.551,512.625
2935,"JET SAGAR LAKE, BUNDI, RAJASTHAN",LAKE,RAJASTHAN,19,33,102.25,3.7,4.4,7.4,8.6,270,435,2.3,3.2,1.56,4.08,150,240,460,460,10.296,79.8
1714,"KAYALANA JHEEL JODHPUR, RAJASTHAN",LAKE,RAJASTHAN,21,26,92.8,6.9,9,7.3,8.5,270,408,1,2.1,0.64,2.61,23,93,64,150,7.961,67.535
2943,"LODHA TALAB, BANSWARA- DUNGARPUR ROAD, BANSWARA,
RAJASTHAN",LAKE,RAJASTHAN,18,32,361.95,2.1,6.6,7.7,8.6,460,1177,2.1,4.1,1.82,7.84,150,460,240,1100,13.661,223.49
1716,"NAKKI LAKE, MT. ABU, RAJASTHAN",LAKE,RAJASTHAN,14,25.5,97,4.4,6.7,7.6,8.3,230,420,1.3,3.4,1.37,3.84,64,150,120,210,9.886,69.375
4795,"NELA TALAB, SECTOR-14 HIRAN MARG, UDAIPUR",LAKE,RAJASTHAN,20,28,353.9,3.3,7.2,7.6,8.9,460,1154,2,3.9,1.78,3.53,75,240,150,460,10.155,215.005
1285,"PICHOLA LAKE AT UDAIPUR (WATER INTAKE POINT), RAJASTHAN",LAKE,RAJASTHAN,22,29,162.45,5.8,6.2,7.5,8.5,440,607,1.5,2.3,1.72,5.42,23,39,39,75,11.515,109.34
1414,"PUSHKAR LAKE, RAJASTHAN",LAKE,RAJASTHAN,19,29,86.5,3.6,8.5,7.3,8,220,390,2.2,4.5,1.26,5.36,23,93,93,150,11.025,67.025
2938,"RAJSAMAND LAKE , RAJSAMAND- POINT
NO. 1, RAJSAMAND, RAJASTHAN",LAKE,RAJASTHAN,17,26,226.5,5.2,7.7,8.2,8.9,460,790,1.5,2.6,1.12,3.53,23,150,93,240,9.298,142.025
2939,"RAJSAMAND LAKE , RAJSAMAND- POINT
NO. 2, RAJSAMAND, RAJASTHAN",LAKE,RAJASTHAN,17,27,219.85,4.6,7.2,8.3,9.3,450,771,1.2,2.6,1.43,4.68,75,240,120,460,10.59,139.32
2937,"SILISERH LAKE, ALWAR, RAJASTHAN",LAKE,RAJASTHAN,20,30,52.2,5.2,6.6,7.1,8.9,160,292,1,1.7,1.04,2.67,14,75,20,150,8.469,48.915
4177,SWAROOP SAGAR LAKE,LAKE,RAJASTHAN,20,27,226.5,4.1,5.7,8,8.9,460,790,1,2.4,2.05,3.52,4,93,120,210,10.396,143.025
1286,"UDAISAGAR LAKE AT UDAIPUR (INTAKE
PT.) RAJASTHAN",LAKE,RAJASTHAN,20,28,637.05,4.6,6,7.3,8.5,1170,1963,1.4,3.1,2.7,7.92,93,150,150,240,14.731,372.76
4179,"BADI KA TALAB, UDAIPUR",POND,RAJASTHAN,23,27,136.2,7.1,7.9,7.2,8.4,380,532,1.4,2.4,1.56,3.69,23,64,64,120,9.944,92.715
1420,"KODAI KANAL LAKE, TAMILNADU",LAKE,TAMIL NADU,17,28,1.45,6,7,6.7,7.5,96,147,2,3,0.32,0.95,14,36,25,96,6.294,18.64
3008,"POONDI LAKE AT THIRUVALLUR, TAMILNADU",LAKE,TAMIL NADU,26,40,210.75,6,8.9,7,8.1,475,745,2,3,0.32,0.52,2,2,2,68,5.95,147.25
3010,"PORUR LAKE AT THIRUVALLUR, TAMILNADU",LAKE,TAMIL NADU,27,37,443.5,6,7,7.3,8,929,1410,2,4,0.32,0.62,2,78,4,230,6.08,273.925
3011,"PULICATE LAKE AT THIRUVALLUR, TAMILNADU",LAKE,TAMIL NADU,25,36,20740,5,6.9,6.9,8.2,8330,59400,2,4,0.32,1.5,2,45,4,230,6.784,11580.975
3009,"REDD HILLS AT THIRUVALLUR, TAMILNADU",LAKE,TAMIL NADU,25,33,181,5.1,7.1,6.6,8,432,660,2,4,0.32,0.62,2,20,2,200,6.08,123.675
1421,"UDHAGAMADALEM LAKE (OOTY),
TAMILNADU",LAKE,TAMIL NADU,17,31,122.2,5.7,7.2,6.1,7.1,339,492,1,4.5,0.32,0.33,38,120,120,330,5.873,88.915
3007,"VEERANAM LAKE AT CUDDALORE,
TAMILNADU",LAKE,TAMIL NADU,23,30,189.4,6,6.4,6.8,7.9,349,684,1,3,0.32,0.82,23,46,58,120,6.19,125.355
1452,"YERCAUD LAKE, SALEM, TAMILNADU",LAKE,TAMIL NADU,20,30,79.85,5.3,7,6,7.8,242,371,1,2.2,0.32,0.33,31,120,110,260,5.758,64.32
4823,"OVER HEAD TANK AT TIRUR VILLAGE, TIRUVALLUR TALUK, TIRUVALLUR
PANCHAYAT UN",TANK,TAMIL NADU,25,39,661.2,5,6.7,6.8,7.4,946,2032,2,4,0.32,1.18,2,20,2,110,6.528,397.215
5052,"BAKSHI KUNTA (VEMANA COLONY PARK), CHANDANAGAR,
SERILINGAMPALLY, RR",LAKE,TELANGANA,20,24,457.85,0.3,4.4,6.6,8.4,659,1451,3,16,3.2,7.6,2,23,80,540,15.72,268.92
4676,"BANDA CHERUVU, MALKAJIGIRI (V),
MALKAJIGIRI (NEW MANDAL)",LAKE,TELANGANA,28,29,538,0.3,1.3,7.1,8.1,1145,1680,5.8,16,2.7,24.7,14,58,240,430,28.8,318.575
5048,"BANDAM CHERUVU, GAJULARAMARAM, QUTUBULLAPUR, MEDCHAL –
MALKAGIRI",LAKE,TELANGANA,27,27,256.95,2,3.8,7.1,8.2,732,877,3,9,3.2,6.2,14,63,140,540,14.25,159.99
4682,"BANDAM CHERUVU, HANAMKONDA",LAKE,TELANGANA,27,29,459.95,0.7,4.1,7.1,8.5,655,1457,3.4,12,0.7,38,9,36,140,430,36.84,275.09
5040,"BANDLAGUDA CHERUVU, BANDALGUDA
UPPAL, MEDCHAL - MALKAGIRI",LAKE,TELANGANA,28,32,481.65,0.3,0.3,7,7.9,995,1519,6.4,16,3.5,14.8,13,94,280,540,21.84,290.18
4690,"BANJARA KUNTA (SINGADI KUNTA(,
SHAIKPET",LAKE,TELANGANA,23,30,366.85,0.3,4.1,7.3,8.4,688,1191,2.6,6.8,3.6,14.2,7,39,170,540,21.02,224.22
3074,"BANJARA LAKE, BANJARA HILLS, RANGA REDDY",LAKE,TELANGANA,20,28,386.1,0.3,0.3,6.7,7.9,783,1246,6,18,1.2,10.8,11,70,210,540,15.98,232.945
5035,"BATHAR KUNTA, SHAIKPET, HYDERABAD",LAKE,TELANGANA,23,30,411.3,0.3,2,7.1,8.5,1042,1318,4,12,4.6,12.4,21,63,280,920,21.04,248.985
4684,"CAMPUS LAKE, ICRISAT",LAKE,TELANGANA,24,25,212.5,5.7,6.9,6.4,7.5,385,750,2.1,3,4.09,7.1,10,17,110,240,15.738,133.225
5060,"CHAKALAVANI CHERUVU, LINGAMPALLY, SERILINGAMPALLY, RR",LAKE,TELANGANA,20,30,484.8,0.3,2.9,7,8.3,1024,1528,4,20,5.2,17.7,17,36,240,540,26.4,289.935
5051,"CHINNA BANDAM, SURARAM, QUTUBULLAPUR, MEDCHAL – MALKAGIRI",LAKE,TELANGANA,27,29,610.8,0.3,3.9,7,8.3,1146,1888,2.1,14,2.1,12.8,11,63,170,540,18.46,359.135
,"CHINNA PEDDA CHERUVU, GOPANPALLY, SERILINGAMPALLY, RR",LAKE,TELANGANA,20,29,295.45,1,5.1,7,8.6,846,987,3,6,3.8,356,6,33,21,540,294.66,183.44
4668,"CHINNARAYAN CHERUVU, ALWAL (V)",LAKE,TELANGANA,28,30,556.2,0.3,2.2,7.2,8.2,1080,1732,6,12,2.2,18,21,63,280,540,22.64,329.715
5046,"CHINTAL CHERUVU, GAJULARAMARAM, QUTUBULLAPUR, MEDCHAL –
MALKAGIRI",LAKE,TELANGANA,27,30,150.2,2.2,5,7.3,8.5,377,572,2.1,6,0.3,4,2,33,28,540,8.86,103.515
5039,"DMRL LAKE, KANCHANBAGH,
BANDLAGUDA, HYDERABAD",LAKE,TELANGANA,22,30,587.35,0.3,3.8,7.1,8.2,1048,1821,3.2,18,0.3,16.8,13,79,94,540,19.7,347.07
3070,"FOX SAGAR, JEEDIMETLA, RANGA REDDY",LAKE,TELANGANA,25,30,466.6,0.8,3.2,7.6,8.5,1042,1476,3,6,1,14,7,54,280,540,17.7,279.795
5059,"GOPI CHERUVU, LINGAMPALLY,
SERILINGAMPALLY, RR",LAKE,TELANGANA,20,32,413.05,0.3,4.1,7.1,8.4,999,1323,3,10,2.6,10.3,10,34,220,540,16.86,251.96
5062,"GURUNATH CHERUVU, MIYAPUR, SERILINGAMPALLY, RR",LAKE,TELANGANA,20,30,409.55,0.3,3.9,7,8.5,830,1313,4,14,6.2,39,8,33,170,540,44.34,248.01
3073,"HASMATHPET LAKE, HASMATHPET, RANGA REDDY",LAKE,TELANGANA,21,30,539.75,0.3,0.3,7.1,8.4,961,1685,6,10,2.1,7,21,84,430,540,13.62,320.55
1789,"HIMAYAT SAGAR LAKE , R.R.DIST.",LAKE,TELANGANA,20,29,134.1,4.9,6.2,7.3,8.1,388,526,2.1,2.6,0.3,1.2,2,4,2,110,6.45,93.545
4679,"HUDA PARK LAKE/ BUMRUKH KHAN
DOWLA",LAKE,TELANGANA,28,35,1067.9,0.3,0.9,7,8.4,1773,3194,6,22,5.2,29,26,120,350,920,35.54,619.805
1391,"HUSSAIN SAGAR LAKE, BUDAMERU",LAKE,TELANGANA,23.2,32,443.5,0.3,2.4,7.4,8,1044,1410,5.8,8,1.8,14.6,39,120,430,920,19.24,268.925
4686,"ICRISAT LAKE, ICRISAT",LAKE,TELANGANA,25,25,269.9,5.9,6.8,6.5,7.3,394,914,2.1,3.6,3.11,7.15,10,25,120,280,14.632,165.205
4699,"KAPRAI CHERUVU, SAHEBNAGAR (V),
HAYATHNAGAR",LAKE,TELANGANA,20,35,184.85,2.9,5,7.2,8.3,378,671,2.1,4,0.3,2.4,8,34,110,280,7.48,127.82
5054,"KOMATI KUNTA, GOPANPALLY,
SERILINGAMPALLY, RR",LAKE,TELANGANA,20,30,221.25,1.8,5.1,7.1,8.5,554,775,2.1,7,2.2,7.8,4,27,33,430,14.23,143.1
4705,"KOTHA CHERUVU (ALWAL CHERUVU), ALWAL (V)",LAKE,TELANGANA,27,29,629.7,0.3,0.9,7.3,8.5,1269,1942,6,14,7.2,27,21,63,350,540,35.94,369.665
5032,"KOTHA CHERUVU, SHAIKPET, HYDERABAD",LAKE,TELANGANA,24,29,428.1,0.3,4.1,7.2,8.5,869,1366,3,10,1.8,12,11,49,130,430,17.26,257.345
5057,"KUDI KUNTA (GAUTAMI LAKE), KONDAPUR, SERILINGAMPALLY, RR",LAKE,TELANGANA,20,33,569.15,0.3,0.3,6.9,7.6,1045,1769,6,17,5.4,19.9,10,47,350,540,28.25,339.93
4235,LAKE KAMUNI ( SHAMSHABAD LAKE),LAKE,TELANGANA,28,35,401.85,1.8,4.4,7,8.4,715,1291,2.1,5.8,1.5,8.8,11,33,170,540,14.13,248.72
4680,"LAKNAVARAM CHERUVU, MULUGU (V)",LAKE,TELANGANA,28,29,23.85,5,6.6,6.9,8.4,124,211,2.1,2.6,0.3,0.8,2,2,4,32,6.13,32.12
3071,"LANGARHOUSE LAKE, HYDERABAD",LAKE,TELANGANA,20,30,482,0.3,1,7.2,8.2,870,1520,4.2,10,2.6,13,7,110,280,540,19.02,288.375
2340,"LAXMINARAYANA CHERUVU AT
EDULABAD, RANGAREDDY",LAKE,TELANGANA,21,30,560.4,3.1,5.4,7.5,8.3,1086,1744,2.4,5.4,0.4,4.5,3,22,150,350,9.35,332.055
4677,"LINGAM CHERUVU, SURARAM (V),
QUTHUBULLAPUR",LAKE,TELANGANA,27,29,555.85,0.3,0.3,7.1,7.7,1488,1731,6.2,12,4,18.2,17,63,430,920,24.96,328.52
4701,"LINGAM KUNTA, CHANDANAGAR (V)
SERLINGAMPALLY",LAKE,TELANGANA,20,27,426,0.3,3.2,6.9,8.5,940,1360,4,10,3,12,10,47,140,540,18.7,254.175
4670,"MADDELLA KUNTA/ BAIRAMALGUDA
CHERUVU",LAKE,TELANGANA,28,35,425.3,2.8,5.8,6.7,8,520,1358,2.1,5.4,0.3,6,6,49,170,540,10.43,261.785
5047,"MAHABOOB KUNTA, SURARAM, QUTUBULLAPUR, MEDCHAL –
MALKAGIRI",LAKE,TELANGANA,28,28,258.7,0.8,5.1,6.7,7.8,543,882,2.1,8,1.8,11.6,11,33,210,540,16.84,161.965
4698,"MANNEVARI KUNTA, MACHABOLLARAM
(V) ALWAL",LAKE,TELANGANA,28,29,644.05,0.3,0.3,7.5,8.2,1481,1983,7,10,8.4,16.6,47,63,430,540,28.86,377.66
5049,"MEDDELA KUNTA, GAJULARAMARAM, QUTUBULLAPUR, MEDCHAL –
MALKAGIRI",LAKE,TELANGANA,27,28,318.9,1.3,4.2,7.2,8.2,685,1054,3,11,0.4,23,2,47,64,540,24.43,195.505
4672,"MEDI KUNTA (WIPRO LAKE),
NANAKRAMGUDA",LAKE,TELANGANA,20,31,310.5,0.9,3.8,7.2,8.4,809,1030,3.2,10,1.2,16.2,4,84,240,540,19.9,193.825
4673,"MEEDI KUNTA (BK ENCLAVE LAKE), MAQTA MAHBOOBPET,
(MADEENAGUDA)",LAKE,TELANGANA,18,29,385.4,0.3,3,6.7,8.4,682,1244,3.2,11,3.6,9.2,11,46,140,540,17.23,233.555
4674,"MEEDI KUNTA, HAFEEZPET (V)",LAKE,TELANGANA,24,29,337.1,2,3.8,7.4,8.4,742,1106,2.8,10,1,8.6,11,73,170,540,13.58,206.645
2341,"MIRALAM LAKE NEAR ZOO PARK, RANGAREDDY",LAKE,TELANGANA,24,31,439.3,0.3,2.9,7.2,8.1,1177,1398,2.2,8,1.2,6.4,4,84,280,430,11.96,265.585
5029,"MOHINI CHERUVU, AMBERPET, HYDERABAD",LAKE,TELANGANA,21,27,715.8,0.3,4,7.2,8.5,366,2188,2.1,18,1.7,9.9,9,63,79,430,15.86,415.635
5045,"MOTHKULA KUNTA, MACHABOLLARAM, ALWAL, MEDCHAL - MALKAGIRI",LAKE,TELANGANA,26,42,576.5,0.3,3.1,6.8,8.2,1072,1790,3,11,0.3,18.6,15,63,79,540,20.79,353.025
5043,"MYSAMMA CHERUVU, KUKATPALLY, BALANAGAR, MEDCHAL - MALKAGIRI",LAKE,TELANGANA,27,28,425.3,0.3,2,7.1,8,1010,1358,5,13,0.3,12.6,21,63,430,920,16.09,254.785
4691,"NAGOLE CHERUVU, UPPAL (V)",LAKE,TELANGANA,28,32,521.2,0.3,2,6.9,8.4,919,1632,5.8,12,1,13.5,17,84,240,540,17.6,312.215
5063,"NANAKRAM KUNTA, NANAKRAMGUDA,
SERILINGAMPALLY, RR",LAKE,TELANGANA,20,35,335.7,0.3,3.8,7.3,8.2,279,1102,2.1,32,2.2,6,4,21,280,430,14.04,211.865
4688,NARINJA LAKE,LAKE,TELANGANA,23,26,184.5,5.9,7.1,6.8,7.4,410,670,2.1,3,4.1,7.15,6,9,21,41,15.79,118.625
5030,"NAYA QUILA TALAB, GOLKONDA,
HYDERABAD",LAKE,TELANGANA,22,32,424.6,0.3,3.3,7.5,8.9,1112,1356,3.3,20,2.4,14.3,17,63,70,540,20.32,258.395
5056,"NAYANAMMA KUNTA (BASPALLI CHERUVU), HAFEEZPET,
SERILINGAMPALLY, RR",LAKE,TELANGANA,20,27,386.8,0.3,4,7.1,8.6,828,1248,3,10,2,14,11,33,150,540,19.1,232.335
4229,NEKNAMPUR LAKE,LAKE,TELANGANA,26,35,715.1,0.3,2.7,7.2,8.5,1322,2186,6,12,3.8,35,17,84,140,920,38.16,423.245
2342,"NOOR MD. KUNTA, KATTEDAN,
RANGAREDDY",LAKE,TELANGANA,25,29,802.6,0.3,0.3,7.2,7.9,1384,2436,6.2,22,4,28.7,21,94,430,540,33.86,465.995
4696,"PARKI CHERUVU, KUKATPALLY (V),
BALANAGAR",LAKE,TELANGANA,26,28,581.05,0.3,0.3,7.2,8.1,1079,1803,6,12,3,26,8,63,210,540,30,341.56
4678,"PATEL CHERUVU, NACHARAM (V),
UPPAL (NEW MANDAL)",LAKE,TELANGANA,19,30,560.75,0.3,0.3,7.2,8.1,1193,1745,7,22,3.8,28,14,63,240,540,33.06,332.25
4693,"PATEL CHERUVU, UPPAL (V)",LAKE,TELANGANA,19,32,480.25,0.3,2.6,7.1,7.7,737,1515,4.6,14,4.2,9.4,21,73,210,430,18.26,289.4
5041,"PATHULGUDA LAKE, PATHALGUDA, UPPAL, MEDCHAL - MALKAGIRI",LAKE,TELANGANA,27,32,502.65,0.3,2.2,7.1,8.6,1050,1579,4,22,1.2,11.2,21,77,280,540,16.5,301.88
4702,"PEDDA CHERUVU - KHAJA GUDA, KHJAGUDA (V), SERLINGAMPALLY 9NEW MANDAL)",LAKE,TELANGANA,28,34,585.95,2.1,4.6,7.3,8.2,1130,1817,8,19,5.1,15,70,220,230,1600,24.07,350.29
4669,"PEDDA CHERUVU, GANGARAM (V) SERLINGAMPALLY (NEW MANDAL)",LAKE,TELANGANA,20,28,804,0.3,3.4,6.8,8.3,623,2440,3.5,14,3.6,12.4,17,94,170,540,19.94,465.775
4683,"PEDDA CHERUVU, MADIKONDA",LAKE,TELANGANA,28,29,211.1,3.3,5.9,7.1,8.4,527,746,2.1,8,0.6,2.8,2,31,26,350,8.36,136.445
5061,"PEDDAKUDI CHERUVU, MAQTA
MAHBOOBPET, SERILINGAMPALLY, RR",LAKE,TELANGANA,20,27,441.4,0.3,3.2,7.1,8.3,717,1404,4,15,5.2,14.3,13,33,160,540,23.43,262.755
4681,"PHAKAL CHERUVU, NARSAMPET",LAKE,TELANGANA,27,28,110.3,4.8,6.5,7.5,8.5,136,458,2.1,2.8,0.3,0.8,2,2,10,39,6.14,79.285
5053,"RAMAMMA KUNTA (DR. YSR TOURISM COLLEGE), GACHIBOWLI,
SERILINGAMPALLY, RR",LAKE,TELANGANA,30,35,253.8,0.3,2.4,7.2,8.5,487,868,3,6,1,13,8,33,170,540,16.9,166.235
3068,"RAMAPPA LAKE, WARANGAL",LAKE,TELANGANA,27,27,68.65,5,6.4,7.6,8.3,205,339,2.1,2.3,0.3,1.2,2,4,15,120,6.435,55.08
4687,"RED LAKE, ICRISAT",LAKE,TELANGANA,25,25,325.2,5.5,6.6,6.7,7.5,548,1072,2.4,5,5.18,10.17,14,31,170,350,19.602,196.015
5058,"REGULA KUNTA, MIYAPUR
SERILINGAMPALLY, RR",LAKE,TELANGANA,20,32,272,0.3,4.2,7,8.4,644,920,2.6,8,1.6,8.6,8,22,80,540,14.2,173.375
3072,"SAFILGUDA LAKE, RANGA REDDY",LAKE,TELANGANA,21,30,602.75,0.3,1.6,7.1,8.3,1150,1865,6,13,2.2,12,17,84,350,540,17.89,355.65
5038,"SALKAM CHERUVU, BANDLAGUDA, HYDERABAD",LAKE,TELANGANA,21,30,869.45,0.3,2.2,7.1,8.3,1224,2627,3,36,0.3,18.6,17,63,350,540,22.04,504.24
1788,"SAROORNAGAR , RANGA REDDY DIST.",LAKE,TELANGANA,24,35,487.95,0.3,1.2,7.2,8.3,944,1537,5.8,14,2,10.6,21,34,280,540,16.58,296.69
5033,"SHAHATAM CHERUVU, SHAIKPET,
HYDERABAD",LAKE,TELANGANA,22,30,487.25,0.3,0.3,7,8.1,840,1535,4,22,3.2,10.2,12,63,140,540,18.1,291.3
3069,"SHAMEERPET LAKE, SHAMEERPET,
RANGA REDDY",LAKE,TELANGANA,22,29,167.7,5.2,6.1,7.4,8.4,498,622,2.1,2.8,0.3,2.4,2,12,27,280,7.42,112.265
5034,"SHIKARI KUNTA, SHAIKPET, HYDERABAD",LAKE,TELANGANA,24,30,423.9,1.2,5.9,7.4,8.5,634,1354,2.1,7,1.6,10.2,14,63,33,540,15.43,256.005
5044,"SUDALAVANI KUNTA (SUNNAM CHERUVU), ALLAHPUR, BALANAGAR,
MEDCHAL - MALKAGIRI",LAKE,TELANGANA,28,41,507.2,0.3,1,7.1,7.8,944,1592,5,14,0.3,14.2,21,63,430,540,17.42,313.415
4685,SURISIGAL LAKE ICRISAT,LAKE,TELANGANA,24,25,243.3,5.8,6.7,6.9,7.4,418,838,2.1,3.4,4.13,7.13,12,27,130,280,15.83,150.385
4667,"SURRAM CHERUVU (PALLE CHERUVU), BANDLAGUDA (V), BANDLAGUDA (NEW
MANDAL)",LAKE,TELANGANA,23,33,776,0.3,1,6.9,7.9,977,2360,6,16,4.5,19,27,73,350,540,26.4,455.175
5037,"TIRUMALAGIRI TANK, TIRUMALAGIRI, HYDERABAD",LAKE,TELANGANA,29,38,495.3,0.3,0.3,7.1,8.4,1289,1558,6,12,0.3,14.2,21,33,430,540,17.32,303.785
4234,"UMDA SAGAR LAKE, SHAMSHABAD",LAKE,TELANGANA,27,35,307,0.3,3.7,6.9,8.4,813,1020,2.1,8,0.3,7.4,7,57,120,430,11.68,195.875
5050,"VENNA CHERUVU, JEEDIMETLA, QUTUBULLAPUR, MEDCHAL –
MALKAGIRI",LAKE,TELANGANA,27,30,511.4,0.3,3.1,7.1,7.8,1312,1604,5,16,7.8,52,9,63,130,540,56.76,304.755
5042,"YELLAMMA CHERUVU, KUKATPALLY, MEDCHAL - MALKAGIRI",LAKE,TELANGANA,27,28,737.5,0.3,3,7,8.1,1027,2250,5.8,20,0.6,37,27,63,220,920,36.32,428.725
5031,"YERRA KUNTA, SHAIKPET, HYDERABAD",LAKE,TELANGANA,22,29,423.2,0.3,3.8,7.2,8,740,1352,4,19,0.9,8.6,2,57,220,920,13.91,254.615
3076,"AMBER CHERUVU, KUKATPALLY, RANGA
REDDY",POND,TELANGANA,25,29,475,0.3,0.3,7.3,8.2,925,1500,7.8,12,2,6.4,33,79,350,430,13.12,283.475
2347,"ASANI KUNTA, KAJIPALLY, MEDAK",POND,TELANGANA,19,24,5305,0.3,1.3,6.4,7.3,4750,15300,31,350,24.37,46.37,6,14,170,540,88.84,2969.475
2346,"BHADRAKALI CHERUVU, BHADRAKALI TEMPLE, WARANGAL",POND,TELANGANA,27,28,265.35,4.1,5.9,7.6,8.5,537,901,2.1,4,0.8,2.2,2,27,11,220,7.92,165.67
2357,DURGAM CHERUVU,POND,TELANGANA,26,30,280.4,2,3.6,7.3,8.5,705,944,2.4,6,0.8,5.4,7,57,240,430,10.58,176.055
3077,"KAPRA CHERUVU, KAPRA, RANGA
REDDY",POND,TELANGANA,21,29,513.15,0.6,3.2,7,8.3,1225,1609,3.2,8,1,4.6,15,53,210,540,10.28,304.73
4675,"LOTUS POND, HAKIMPET (V), SHAIK PET
(NEW MANDAL)",POND,TELANGANA,25,35,255.55,3,5.1,6.9,8.6,589,873,2.2,4,1,10.8,2,43,120,430,15.04,167.21
2344,"NALLA CHERUVU, RANGAREDDY",POND,TELANGANA,26,28,563.55,0.3,1.2,7.4,8.3,1046,1753,6,10,0.3,4.8,21,47,430,540,9.7,331.81
4665,"OUTLET OF KTPP ASH POND JOINING TO
MORANCHA VAGU, CHELPUR, GHANPUR",POND,TELANGANA,27,28,298.6,3,5.4,7.2,8.4,566,996,2.1,3.9,0.3,1.8,2,4,10,130,6.995,184.195
2359,PEDDA CHERUVU,POND,TELANGANA,26,30,532.75,0.3,1.2,7.2,8.5,1163,1665,6,12,2.4,26,33,63,430,920,29.28,316.65
4236,"PEDDA CHERUVU (NACHARAM
CHERUVU)",POND,TELANGANA,20,29,511.75,1,2,7.4,7.9,1144,1605,4,6,10.2,28.8,43,58,430,540,40.58,303.95
3078,"PRAGATHINAGAR CHERUVU, KUKATPALLY, RANGA REDDY",POND,TELANGANA,25,29,476.75,0.3,1.8,7.2,8,1020,1505,4.2,15,1.6,9,4,47,350,540,14.87,284.45
3075,"RANGADHAMUNI CHERUVU, RANGA REDDY",POND,TELANGANA,24,28,537.65,0.3,2.2,7.2,8.4,628,1679,4,11,1.1,7.6,11,63,350,540,12.95,317.38
2345,"SAI CHERUVU, NEAR TANNERY INDUSTRIES, DESAIPET, WARANGAL",POND,TELANGANA,27,28,2417.5,0.3,3,7.5,8.5,1450,7050,4,32,1.1,14,2,31,120,350,19.12,1364.725
4238,"AMEENPUR CHERUVU, AMEENPUR (V & M) SANGAREDDY DISTRICT",TANK,TELANGANA,24,26,421.45,5,6,6.5,7.5,998,1347,3.2,6,9.13,13.17,4,12,79,170,26.792,250.64
1464,BIBINAGAR TANK,TANK,TELANGANA,18,22,301.4,5,6.2,7.1,7.5,598,1004,2.2,4.5,5.11,12.12,4,12,36,49,21.053,179.755
4703,"BULBUL KUNTA, LAXMI NAGAR (V),
RAJENDRANAGAR",TANK,TELANGANA,26,33,731.9,0.3,0.3,7,8.4,1305,2234,7.4,19,2.8,23,25,84,350,920,27.71,430.605
3085,"CHINNA WADDEPALLY TANK,
WARANGAL",TANK,TELANGANA,28,28,424.25,0.3,4.6,7,8.4,706,1355,3.8,18,1.4,12,13,47,110,540,17.18,254.2
4241,"CHITKUL TANK, CHITKUL (V) PATANCHERU (M) SANGAREDDY
DISTRICT",TANK,TELANGANA,26,26,540.45,4.6,6.3,6.7,7.5,795,1687,3.2,6,10.1,15.13,4,11,49,140,29.524,316.94
1447,DHARMASAGAR TANK NEAR WARANGAL,TANK,TELANGANA,27,29,125.7,5.1,6.2,7.9,8.5,253,502,2,2.1,0.3,2.6,2,17,14,280,7.545,88.865
4233,"GADDAPOTHARAM CHERUVU, GADDAPOTHARAM VILLAGE, JINNARAM
MANDAL, SANGAREDDY DIST",TANK,TELANGANA,24,34,1749,4,5.4,6.7,7.4,3530,5140,10,15,10.15,24.18,12,27,110,240,37.274,998.275
1780,"GANDIGUDEM TANK , MEDAK DISTRICT",TANK,TELANGANA,19,24,580.7,5,6.2,6.8,7.5,1140,1802,5.2,8,9.13,14.2,4,10,70,140,27.716,337.365
4228,"IBRAHIM CHERUVU, RAJENDRA NAGAR",TANK,TELANGANA,26,33,683.95,0.3,1.2,7.1,8.4,992,2097,5.6,20,2.4,14.6,11,63,350,540,20.56,403.89
4243,"ISNAPUR TANK, ISNAPUR (V) PATANCHERU 9M) SANGAREDDY
DISTRICT",TANK,TELANGANA,24,25,1840,3.7,5.4,6.8,7.5,2186,5400,8,22,13.18,23.28,13,20,110,280,40.54,1039.975
4225,"JOGULAMBA TEMPLE, GADWAL",TANK,TELANGANA,22,30,470.8,3.6,6,7.3,8.2,471,1488,2.1,4.2,1.2,3.7,2,33,17,430,9.61,282.135
2348,"KAJIPALLY TANK, KAJIPALLY, MEDAK",TANK,TELANGANA,20,25,1337.4,4,5.6,7,7.3,1428,3964,5,10,12.2,21.15,2,8,39,63,37.06,759.955
4230,"KISTAIPALLY TANK, KAZIPET,
WARANGAL",TANK,TELANGANA,25,34,1633.5,4.1,5.4,7.2,7.5,2248,4810,5.4,6.6,12.12,16.1,6,9,63,150,32.754,933.925
1783,"KISTAREDDYPET TANK , MEDAK DIST.",TANK,TELANGANA,19,23,963.25,5,6.2,6.6,7.6,1624,2895,5.4,9.5,13.1,26.1,2,8,38,84,42.075,549.5
4232,"KOMATI CHERUVU, SIDDIPET TOWN, SIDIPET DISTRICT",TANK,TELANGANA,25,34,262.55,5.4,6.5,7,7.5,495,893,2.7,23,5.07,11.1,2,6,31,47,21.114,170.11
4248,"KOTI CHERUVU, HANAMKONDA, WARANGAL",TANK,TELANGANA,27,28,331.5,1.5,4,6.8,8.4,788,1090,2.1,6,2.2,5.2,2,27,21,430,12.1,202.525
4242,"LAKADARAM CHERUVU, LAKADARAM
(V) PATANCHERU (M) SANGAREDDY
DISTRICT",TANK,TELANGANA,25,26,453.65,4.3,5.8,7,7.4,585,1439,4,6,3.1,14.17,4,9,43,94,20.356,268.58
4700,"LARGE TANK, SAROORNAGAR (V)",TANK,TELANGANA,28,35,515.25,0.3,0.3,7.1,8.3,1244,1615,12,22,1.8,18,15,47,120,540,22.66,311.9
4239,"MAHABOOBSAGAR TANK SANGAREDDY
(V & M) SANGAREDDY DISTRICT",TANK,TELANGANA,24,25,421.45,5,6.3,6.8,7.5,570,1347,4,6,6.12,11.18,6,10,58,170,21.588,249.64
2358,MALLAPUR TANK,TANK,TELANGANA,25,27,823.6,0.3,0.3,7,8.2,1724,2496,7.6,18,0.7,14.6,17,94,350,540,18.42,475.695
4245,MALLEPALLY TANK MALLEPALLY (V) KONDAPUR (M) SANGAREDDY DISTRICT,TANK,TELANGANA,24,24,459.95,5.4,6.4,6.9,7.4,642,1457,2.1,5,6.1,12.13,6,12,47,70,22.274,270.09
4247,"MUCHARLA NAGARAM CHERUVU, WARANGAL",TANK,TELANGANA,27,29,377.35,2.6,5.7,7.4,8.6,420,1221,2.1,4,0.6,6.8,7,34,150,350,11.36,229.07
4237,"MULLAKATWA CHERUVU, JI TECH CITY, MADHAPUR,",TANK,TELANGANA,28,33,1010.5,0.3,0.3,7,7.9,921,3030,6,14,2.5,31.8,17,33,280,1600,34.14,585.825
4240,"MUTHANGI TANK, MUTHANGI (V), PATANCHERU (M) SANGAREDDY
DISTRICT",TANK,TELANGANA,24,26,548.15,4.5,6.2,6.8,7.5,420,1709,2.2,5.7,4.1,12.11,2,7,26,70,19.893,321.23
4704,"PEDDA CHERUVU, MANSOORABAD (V), SAROORNAGAR",TANK,TELANGANA,27,35,362.3,0.3,4.6,6.9,8.4,427,1178,2.1,8,1.4,6,4,58,220,430,11.88,226.685
2343,"PREMAJIPET TANK, KATTEDAN, RANGAREDDY",TANK,TELANGANA,24,29,1462,0.3,2.6,7.4,8.4,1921,4320,5.2,26,2.4,12,4,21,280,540,18.78,833.375
4249,"RANGASAMUDRAM, WARANGAL",TANK,TELANGANA,27,29,407.1,1.7,3.7,7.1,8.6,606,1306,2.1,10,0.4,5.6,2,27,120,430,10.46,245.645
4231,"RAYAM CHERUVU, BONTHAPALLY VILLAGE, JINNARAM MANDAL,
SANGAREDDY DISTRICT",TANK,TELANGANA,24,34,413.75,4.6,5.8,7.1,7.4,480,1325,2.5,4,4.1,10.2,2,9,27,47,18.28,254.35
4302,"RUDRARAM TANK, RUDRARAM (V)PATANCHERU (M) SANGAREDDY
DISTRICT",TANK,TELANGANA,24,25,614.3,5.1,6.4,6.6,7.5,1023,1898,3.5,6,7.1,15.1,2,8,47,84,25.9,357.085
3086,"SAKI TANK, PATANCHERU, RANGA REDDY",TANK,TELANGANA,18,23,363,5.2,6.6,6.8,7.5,689,1180,3,6.2,6.16,14.1,6,11,34,48,23.982,215.075
4689,"SUNNAM KUNTA, JUBILLE HILLS",TANK,TELANGANA,23,29,237,1.8,6.6,6.7,8.5,344,820,2.1,8,0.8,8.1,7,27,150,430,12.84,150.875
3084,"WADDEPALLY TANK, KAZIPET,
WARANGAL",TANK,TELANGANA,28,29,175.4,4.1,6.3,7.6,8.5,350,644,2.1,3,0.5,2.6,2,26,26,350,7.83,116.555
4244,"YERDANOOR TANK, YERDANOOR (V)
SANGAREDDY DISTRICT",TANK,TELANGANA,24,25,452.95,5.2,6.6,6.7,7.5,5,1437,2.2,5,9.1,15.15,8,12,43,84,28.29,267.19
3391,"DHAMBUR LAKE, DHALAI",LAKE,TRIPURA,18,28.5,20,5.1,5.9,7,7.4,155,200,1,1.6,0.72,3,17,58,94,220,8.344,29.475
4193,"DIMASAGAR LAKE, NORTH GATE",LAKE,TRIPURA,19,30,19.3,5.2,5.9,6.6,7.3,121,198,1,2.2,0.55,3.08,21,63,140,280,8.234,30.585
1727,"LAXMI NARAYAN BARI PALACE
COMPOUND, TRIPURA",LAKE,TRIPURA,19,29,23.85,5.2,6.4,7.1,7.5,124,211,1,1.5,0.58,2.94,13,58,79,210,8.123,32.12
4192,MBB COLLEGE LAKE,LAKE,TRIPURA,19,30,19.3,5.2,6.2,6.9,7.5,137,198,1,1.8,0.48,2.55,22,41,120,210,7.706,30.585
4643,RUDRASAGAR EAST LAKE TRIPURA,LAKE,TRIPURA,18,29,21.05,5.2,6.3,7.1,7.5,152,203,1,1.9,0.74,2.73,21,58,94,220,8.167,30.56
4642,"RUDRASAGAR NORTH LAKE,TRIPURA",LAKE,TRIPURA,18,29,22.1,5.3,6.9,6.9,7.3,148,206,1.4,2.3,0.72,3.5,27,84,150,280,8.779,31.145
4644,RUDRASAGAR WEST LAKE TRIPURA,LAKE,TRIPURA,18,29,13.35,5.6,6.5,7,7.7,129,181,1,2.1,0.73,2.73,25,63,150,280,8.165,26.27
1728,"RUDRASAGAR, SONUMURA, TRIPURA",LAKE,TRIPURA,19,28.5,15.45,5.1,5.8,6.6,7.5,132,187,1.1,1.7,1.07,3.06,31,49,170,240,8.817,26.94
3393,"BRAMAKUNDA POND, WEST TRIPURA",POND,TRIPURA,19,28.5,29.8,5.4,6.5,6.9,7.5,157,228,1,1.8,1,2.48,17,48,84,170,8.274,34.935
4197,CHATURDASH DEBATA BARI POND,POND,TRIPURA,18.5,29,17.9,5.6,6.7,6.7,7.3,139,194,1,1.8,0.67,2.39,17,46,84,170,7.806,28.805
4195,DURGABARI POND,POND,TRIPURA,18.5,30,19.3,5,6.1,6.2,7.3,142,198,1,1.9,0.7,2.49,15,48,63,210,7.927,30.585
3396,"JAGANNATH DIGHI, SOUTH TRIPURA",POND,TRIPURA,19,29.5,20.35,5.2,6.2,6.9,7.3,143,201,1,2.2,0.71,3.08,17,58,84,210,8.426,30.67
3394,"KALYANSAGAR AT MATARBARI, SOUTH TRIPURA",POND,TRIPURA,19.5,29.5,27,5.1,6.8,7,7.7,141,220,1.5,2.6,1.54,4,33,93,140,280,10.178,34.375
4221,KATAL DIGHI POND,POND,TRIPURA,18,29,16.85,5.1,6,6.9,7.5,143,191,1.1,1.6,0.61,2.48,27,47,110,210,7.796,28.22
4194,LALBAHADUR DIGHI POND,POND,TRIPURA,19,30,19.3,5.1,5.9,6.8,7.4,135,198,1,1.9,0.58,2.4,17,47,110,220,7.711,30.585
3395,"MAHADEB DIGHI, SOUTH TRIPURA",POND,TRIPURA,19,29,17.2,5.4,6.8,6.9,7.4,134,192,1,1.5,0.72,2.39,17,63,94,240,7.851,28.415
4196,RADHANAGAR POND,POND,TRIPURA,19.5,30,25.6,1.2,6.2,6.4,8,147,216,3.1,11,0.89,6.6,47,94,210,430,11.898,34.095
3392,"SHIPAHIJALA POND, WEST TRIPURA",POND,TRIPURA,19,29,17.2,5,5.9,6.6,7.2,128,192,1.1,1.9,0.68,2.9,17,58,84,210,8.231,28.415
1364,"RAMGARH LAKE, U.P.",LAKE,UTTAR PRADESH,17,24,138.65,7.8,8.8,8.1,9,468,539,5.2,6.8,-,-,30000,40000,55000,64000,0,91.08
2499,"SAMARPUR JHEEL, RAEBARELI",LAKE,UTTAR PRADESH,19,26,79.85,5.8,7,7.6,8.2,251,371,4,5,0.8,0.92,3600,4300,6300,7900,6.946,60.32
2501,"LAXMI POND, JHANSI",POND,UTTAR PRADESH,18,22,170.15,4.5,5.8,7.2,8.4,624,629,6,15,-,-,-,-,-,-,0,106.63
2500,"MAAHIL POND, URAI TEHSIL, JALAUN",POND,UTTAR PRADESH,18,23.2,417.6,1.2,4.7,7.5,8.9,1190,1336,16,32,-,-,4300,4300,6300,6300,0,245.695
3437,BHEEMTAL LAKE,LAKE,UTTARAKHAND,11,23,23.5,7.4,9,7.2,8,160,210,1,1.6,0.32,0.37,70,170,210,540,5.76,25.925
1362,"NAINI LAKE AT NAINITAL (WATER
INTAKE POINT)",LAKE,UTTARAKHAND,9,22,104,7.6,9.6,7.2,7.8,370,440,1,2,0.32,0.36,140,350,350,920,5.772,69.775
2539,"BELBONI LAKE NEAR BARJORA,
BANKURA",LAKE,WEST BENGAL,19,30,18.25,7.7,8.6,7,8.1,141,195,1.2,1.7,0.3,0.3,1100,2200,1400,3900,5.685,30
2505,"HANUMAN GHAT ON DUDHPUKUR AT
TARAKESHWAR, HOOGHLY",LAKE,WEST BENGAL,22.5,34,217.05,4,13.1,7.8,8.7,568,763,3.2,8.5,0.35,0.72,3300,35000,4900,54000,6.421,144.76
2503,"HATISHALA GHAT ON DUDHPUKUR AT
TARAKESHWAR, HOOGHLY",LAKE,WEST BENGAL,22.5,34,253.8,4.5,10.9,7.5,8.6,567,868,3.2,6.9,0.3,0.8,1400,92000,3300,160000,6.345,165.235
4729,JOREPOKHARI LAKE AT SUKHIAPOKHARI,LAKE,WEST BENGAL,6,24,16.5,5.5,7.8,6.9,7.9,20,97,1,1.8,0.3,0.3,60,5000,110,13000,5.69,4.89
2519,"KOCHBIHAR LAKE (SAGAR DIGHI),
COOCHBEHAR",LAKE,WEST BENGAL,21,30,26.5,6.8,8.2,6.7,7.6,32,68,1,2.2,0.3,0.3,400,5000,1300,13000,5.71,5.235
4720,LAKE RASIKBHEEL AT COOCHBEHAR,LAKE,WEST BENGAL,19,33,5.2,6.8,8.9,6.7,8.4,32,128,1.4,2.1,0.3,0.3,170,2600,700,9000,5.705,19.935
2504,"MAINH GHAT ON DUDHPUKUR AT TARAKESHWAR, HOOGHLY",LAKE,WEST BENGAL,22.5,34,221.25,3.8,12,7.6,8.7,569,775,3.6,7.2,0.3,0.9,13000,240000,23000,540000,6.44,147.1
2520,"MIRIKH LAKE, DARJEELING",LAKE,WEST BENGAL,4,24,18.6,5.8,6.9,6.5,8,67,196,1.8,2.8,0.3,0.32,2100,5000,5000,14000,5.756,24.195
1765,"RABINDRASAROVAR NATIONAL LAKE,
CALCUTTA, WEST BENGAL",LAKE,WEST BENGAL,22,31,239.1,5.2,9.7,7.2,8.5,252,826,1.8,4.1,0.3,1.9,330,790,1100,1700,7.085,154.045
2544,SAHEBBANDH AT PURULIA,LAKE,WEST BENGAL,22,32,97.7,8.8,9.8,7,7.6,311,422,2.7,7.3,0.3,0.8,3100,9400,4300,12000,6.365,76.265
2522,SINCHAL LAKE FOR DARJEELING,LAKE,WEST BENGAL,7,16,0,7.1,8.1,6.9,7.6,13,29,1,1.1,0.3,0.3,70,110,110,210,5.655,16.437
2521,"WATER RESERVIOR AT DELO LAKE,
DARJELLING",LAKE,WEST BENGAL,9,24,0,7.2,8.2,6.9,7.6,20,36,1,1.8,0.3,0.3,60,130,110,330,5.69,7.005
4725,WATER RESERVIOR ST. HELENS SCHOOL,LAKE,WEST BENGAL,8,18,0,7.1,8.5,6.9,7.9,16,73,1,1.6,0.3,0.3,70,110,110,330,5.68,5.79
